FCODE,Atl,Atoll_Name,Island_Name,Island_Dhivehi,Category,Council_Name,Council_Type,Resort_Trade_Name,Operating_Status,Is_Capital,Area_Ha,Lat_DD,Lon_DD
LD1033,HA,Haa Alifu,Alidhoo,އަލިދޫ,Tourism Island,,,Cinnamon Island Alidhoo,Proposed / Pipeline,N,14.84319,6.849024,73.152296
LD0458,HA,Haa Alifu,Alidhuffarufinolhu,އަލިދޫއްފަރުފިނޮޅު,Tourism Island,,,,Proposed / Pipeline,N,2.442713,6.861344,73.104011
LD0987,HA,Haa Alifu,Baarah,ބާރަށް,Residential Island,HA. Baarah Council,Island Council,,,N,249.955159,6.816661,73.208382
LD0408,HA,Haa Alifu,Beenaafushi,ބީނާފުށި,Uninhabited Island,,,,,N,2.213989,6.928337,73.136439
LD0528,HA,Haa Alifu,Berinmadhoo,ބެރިންމަދޫ,Tourism Island,,,,Proposed / Pipeline,N,14.002944,7.047260,72.971413
LD1037,HA,Haa Alifu,Dhapparuhuraa,ދައްޕަރުހުރާ,Uninhabited Island,,,,,N,0.06269,6.915229,73.211325
LD1459,HA,Haa Alifu,Dhigufaruhuraa,ދިގުފަރުހުރާ,Uninhabited Island,,,,,N,0.363655,6.925534,72.970093
LD0568,HA,Haa Alifu,Dhidhdhoo,ދިއްދޫ,Residential Island,HA. Dhidhdhoo Council,Island Council,,,Y,96.542888,6.888109,73.110928
LD0129,HA,Haa Alifu,Dhonakulhi,ދޮނަކުޅި,Tourism Island,,,Island Hideaway at Dhonakulhi Maldives Spa Resort and Marina,Proposed / Pipeline,N,33.833024,6.843857,73.051777
LD0993,HA,Haa Alifu,Filladhoo,ފިއްލަދޫ,Residential Island,HA. Filladhoo Council,Island Council,,,N,266.042832,6.893126,73.229072
,HA,Haa Alifu,Gaafushi,ގާފުށި,Tourism Island,,,,Proposed / Pipeline,N,<3.0,6.851944,73.057500
LD0433,HA,Haa Alifu,Gaamathikulhudhoo,ގާމަތީކުޅުދޫ,Tourism Island,,,,Proposed / Pipeline,N,11.787789,7.038973,72.984471
LD0328,HA,Haa Alifu,Gallandhoo,ގައްލަންދޫ,Uninhabited Island,,,,,N,11.062963,6.946811,72.983254
LD0801,HA,Haa Alifu,Govvaafushi,ގޮއްވާފުށި,Uninhabited Island,,,,,N,1.656185,7.012664,72.919303
LD1189,HA,Haa Alifu,Hathifushi,ހަތިފުށި,Uninhabited Island,,,,,N,5.008324,7.020074,72.830747
LD1097,HA,Haa Alifu,Huvahandhoo,ހުވަހަންދޫ,Uninhabited Island,,,,,N,45.39337,6.959672,72.905308
LD0246,HA,Haa Alifu,Hoarafushi,ހުވަރަފުށި,Residential Island,HA. Hoarafushi Council,Island Council,,,N,69.022371,6.982665,72.894139
LD0908,HA,Haa Alifu,Ihavandhoo,އިހަވަންދޫ,Residential Island,HA. Ihavandhoo Council,Island Council,,,N,62.575702,6.952921,72.926223
LD0326,HA,Haa Alifu,Innafinolhu,އިންނަފިނޮޅު,Uninhabited Island,,,,,N,14.128302,7.073889,72.811079
LD0508,HA,Haa Alifu,Kan'daalifinolhu,ކަންޑާލިފިނޮޅު,Uninhabited Island,,,,,N,5.047389,6.925699,73.130521
LD0563,HA,Haa Alifu,Kelaa,ކެލާ,Residential Island,HA. Kelaa Council,Island Council,,,N,203.365844,6.953291,73.215825
LD0014,HA,Haa Alifu,Kudafinolhu,ކުޑަފިނޮޅު,Uninhabited Island,,,,,N,4.41564,6.989024,72.884560
LD0611,HA,Haa Alifu,Maafahi,މާފަހި,Uninhabited Island,,,,,N,100.130198,6.828913,73.156813
LD0983,HA,Haa Alifu,Maafinolhu,މާފިނޮޅު,Tourism Island,,,,Proposed / Pipeline,N,15.342167,7.002220,72.862445
LD0695,HA,Haa Alifu,Maarandhoo,މާރަންދޫ,Residential Island,HA. Maarandhoo Council,Island Council,,,N,44.588624,6.852444,72.984325
LD0824,HA,Haa Alifu,Maarandhoofarufinolhu,މާރަންދޫފަރުފިނޮޅު,Uninhabited Island,,,,,N,0.06688,6.828936,72.971936
LD0909,HA,Haa Alifu,Madulu,މަޑުލު,Uninhabited Island,,,,,N,15.081753,7.054854,72.953160
LD0548,HA,Haa Alifu,Manafaru,މަނަފަރު,Tourism Island,,,JA Manafaru,Operating,N,14.576557,6.997056,72.939944
LD0103,HA,Haa Alifu,Matheerah,މަތީރަށް,Uninhabited Island,,,,,N,5.011408,7.027566,72.819015
LD0880,HA,Haa Alifu,Medhafushi,މެދަފުށި,Tourism Island,,,,Proposed / Pipeline,N,11.744079,7.010879,72.934779
LD0901,HA,Haa Alifu,Molhadhoo,މުޅަދޫ,Residential Island,HA. Molhadhoo Council,Island Council,,,N,119.087738,7.013872,72.997378
LD0227,HA,Haa Alifu,Mulidhoo,މުލިދޫ,Uninhabited Island,,,,,N,67.881746,6.836089,73.011133
LD0701,HA,Haa Alifu,Muraidhoo,މުރައިދޫ,Residential Island,HA. Muraidhoo Council,Island Council,,,N,47.503676,6.837921,73.167309
LD1155,HA,Haa Alifu,Naridhoo,ނަރިދޫ,Tourism Island,,,,Proposed / Pipeline,N,14.212611,6.894997,73.126762
LD0984,HA,Haa Alifu,Thakandhoo,ތަކަންދޫ,Residential Island,HA. Thakandhoo Council,Island Council,,,N,41.343205,6.844230,72.995625
LD0915,HA,Haa Alifu,Thuraakunu,ތުރާކުނު,Residential Island,HA. Thuraakunu Council,Island Council,,,N,26.204154,7.104183,72.899143
LD0488,HA,Haa Alifu,Uligan,އުލިގަމު,Residential Island,HA. Uligan Council,Island Council,,,N,106.727102,7.082924,72.926389
LD1132,HA,Haa Alifu,Umarefinolhu,އުމަރެފިނޮޅު,Uninhabited Island,,,,,N,0.486371,7.009501,72.851293
LD0494,HA,Haa Alifu,Un'gulifinolhu,އުނގުލިފިނޮޅު,Uninhabited Island,,,,,N,3.169843,6.970535,72.901096
LD0507,HA,Haa Alifu,Utheemu,އުތީމު,Residential Island,HA. Utheemu Council,Island Council,,,N,49.983419,6.834655,73.112609
LD0593,HA,Haa Alifu,Van'gaaru,ވަންގާރު,Tourism Island,,,,Proposed / Pipeline,N,20.608302,7.093233,72.878263
LD0232,HA,Haa Alifu,Vashafaru,ވަށަފަރު,Residential Island,HA. Vashafaru Council,Island Council,,,N,35.611409,6.897604,73.159751
LD0862,HA,Haa Alifu,Velifinolhu,ވެލިފިނޮޅު,Uninhabited Island,,,,,N,4.209848,6.994074,72.874567
LD1509,HA,Haa Alifu,,,Uninhabited Island,,,,,N,14.884309,6.972487,72.895296
LD0663,HDh,Haa Dhaalu,Dhipparufushi,ދިއްޕަރުފުށި,Tourism Island,,,Soneva Secret,Operating,N,5.033061,6.319047,72.640644
LD1018,HDh,Haa Dhaalu,Faridhoo,ފަރިދޫ,Uninhabited Island,,,,,N,26.466145,6.784959,73.054026
LD0882,HDh,Haa Dhaalu,Fenboahuraa,ފެންބޯހުރާ,Uninhabited Island,,,,,N,7.232664,6.396417,72.694733
LD0441,HDh,Haa Dhaalu,Finey,ފިނޭ,Residential Island,HDh. Finey Council,Island Council,,,N,117.528869,6.745941,73.053389
LD0235,HDh,Haa Dhaalu,Hanimaadhoo,ހަނިމާދޫ,Residential Island,HDh. Hanimaadhoo Council,Island Council,,,N,304.395856,6.753921,73.169658
LD0199,HDh,Haa Dhaalu,Hirimaradhoo,ހިރިމަރަދޫ,Uninhabited Island,,,,,N,46.602385,6.724829,73.024217
LD1126,HDh,Haa Dhaalu,Hirinaidhoo,ހިރިނައިދޫ,Uninhabited Island,,,,,N,6.400555,6.701652,72.948262
LD1192,HDh,Haa Dhaalu,Hon'daafushi,ހޮންޑާފުށި,Tourism Island,,,Hondaafushi Island Resort,Operating,N,61.545473,6.778724,73.122192
LD0959,HDh,Haa Dhaalu,Hon'daidhoo,ހޮންޑައިދޫ,Uninhabited Island,,,,,N,18.039801,6.769782,73.087572
LD0487,HDh,Haa Dhaalu,Huraa,ހުރާ,Uninhabited Island,,,,,N,0.039778,6.678518,73.105106
LD0047,HDh,Haa Dhaalu,Innafushi,އިންނަފުށި,Uninhabited Island,,,,,N,2.282403,6.409006,72.645399
LD0858,HDh,Haa Dhaalu,Kanamana,ކަނަމަނަ,Uninhabited Island,,,,,N,2.798506,6.705265,72.899418
LD0370,HDh,Haa Dhaalu,Kattalafushi,ކައްޓަލަފުށި,Uninhabited Island,,,,,N,3.310857,6.566484,72.983020
LD0969,HDh,Haa Dhaalu,Keylakunu,ކޭލަކުނު,Uninhabited Island,,,,,N,90.781959,6.602807,73.009116
LD0489,HDh,Haa Dhaalu,Kudafarufasgandu,ކުޑަފަރުފަސްގަނޑު,Tourism Island,,,,Proposed / Pipeline,N,0.033,6.711888,72.925039
LD0346,HDh,Haa Dhaalu,Kudamuraidhoo,ކުޑަމުރައިދޫ,Tourism Island,,,,Proposed / Pipeline,N,30.593021,6.642771,72.919876
LD0048,HDh,Haa Dhaalu,Kulhudhuffushi,ކުޅުދުއްފުށި,Residential Island,Kulhudhuffushi City Council,City Council,,,Y,252.112262,6.623226,73.068889
LD0541,HDh,Haa Dhaalu,Kumundhoo,ކުމުންދޫ,Residential Island,HDh. Kumundhoo Council,Island Council,,,N,190.453373,6.571650,73.052022
LD1040,HDh,Haa Dhaalu,Kun'burudhoo,ކުންބުރުދޫ,Uninhabited Island,,,,,N,50.444248,6.658276,73.027426
LD0852,HDh,Haa Dhaalu,Kurinbee,ކުރިންބީ,Residential Island,HDh. Kurinbee Council,Island Council,,,N,40.992754,6.665551,72.996637
LD0708,HDh,Haa Dhaalu,Maavaidhoo,މާވައިދޫ,Uninhabited Island,,,,,N,41.98341,6.515448,73.053957
LD0699,HDh,Haa Dhaalu,Makunudhoo,މަކުނުދޫ,Residential Island,HDh. Makunudhoo Council,Island Council,,,N,80.716405,6.409385,72.705088
LD1196,HDh,Haa Dhaalu,Muiri,މުއިރި,Tourism Island,,,,Proposed / Pipeline,N,49.025597,6.658082,72.936267
LD0369,HDh,Haa Dhaalu,Naagoashi,ނާގޯށި,Tourism Island,,,,Proposed / Pipeline,N,73.666643,6.670088,72.903231
LD0710,HDh,Haa Dhaalu,Naivaadhoo,ނައިވާދޫ,Residential Island,HDh. Naivaadhoo Council,Island Council,,,N,30.9304,6.746958,72.934872
LD0698,HDh,Haa Dhaalu,Nellaidhoo,ނެއްލައިދޫ,Residential Island,HDh. Nellaidhoo Council,Island Council,,,N,32.412109,6.714879,72.946978
LD0686,HDh,Haa Dhaalu,Neykurendhoo,ނޭކުރެންދޫ,Residential Island,HDh. Neykurendhoo Council,Island Council,,,N,171.698005,6.543044,72.979783
LD0658,HDh,Haa Dhaalu,Nolhivaran,ނޮޅިވަރަމު,Residential Island,HDh. Nolhivaran Council,Island Council,,,N,206.27283,6.662412,73.082374
LD0416,HDh,Haa Dhaalu,Nolhivaranfaru,ނޮޅިވަރަންފަރު,Residential Island,HDh. Nolhivaranfaru Council,Island Council,,,N,173.732704,6.695288,73.118532
LD0130,HDh,Haa Dhaalu,Ruffushi,ރުއްފުށި,Uninhabited Island,,,,,N,0.59169,6.759009,72.938965
LD0303,HDh,Haa Dhaalu,Theefaridhoo,ތީފަރިދޫ,Industrial Island,,,,,N,56.359366,6.740188,73.033382
LD0406,HDh,Haa Dhaalu,Vaikaradhoo,ވައިކަރަދޫ,Residential Island,HDh. Vaikaradhoo Council,Island Council,,,N,107.450662,6.549800,72.953121
LD1138,HDh,Haa Dhaalu,Vaikaramuraidhoo,ވައިކަރަމުރައިދޫ,Uninhabited Island,,,,,N,68.481153,6.540966,72.896747
LD0017,HDh,Haa Dhaalu,Veligan'du,ވެލިގަނޑު,Uninhabited Island,,,,,N,0.286867,6.754259,72.938239
LD1207,HDh,Haa Dhaalu,,,Uninhabited Island,,,,,N,0.076685,6.648634,72.918176
LD1510,HDh,Haa Dhaalu,,,Uninhabited Island,,,,,N,0.663954,6.699642,73.113825
LD1064,Sh,Shaviyani,Bileiyfahi,ބިލެތްފަހި,Residential Island,Sh. Bileiyfahi Council,Island Council,,,N,66.519896,6.337832,72.973971
LD0285,Sh,Shaviyani,Bis alhaahuraa,ބިސްއަޅާހުރާ,Uninhabited Island,,,,,N,0.189342,6.155115,73.292507
LD0647,Sh,Shaviyani,Boduhuraa,ބޮޑުހުރާ,Uninhabited Island,,,,,N,0.617121,6.071721,73.043637
LD0193,Sh,Shaviyani,Bolissafaru,ބޮލިއްސަފަރު,Uninhabited Island,,,,,N,3.068737,5.981152,73.110752
LD0317,Sh,Shaviyani,Dhigurah,ދިގުރަށް,Uninhabited Island,,,,,N,3.206806,6.029630,73.068061
LD0562,Sh,Shaviyani,Dholhiyadhoo,ދޮޅިޔަދޫ,Tourism Island,,,,Proposed / Pipeline,N,21.850392,5.993820,73.215164
LD0923,Sh,Shaviyani,Dholhiyadhookudarah,ދޮޅިޔަދޫކުޑަރަށް,Uninhabited Island,,,,,N,0.163603,5.990233,73.224504
LD0279,Sh,Shaviyani,Dhonvelihuraa,ދޮންވެލިހުރާ,Uninhabited Island,,,,,N,8.834094,6.184592,73.298162
LD0155,Sh,Shaviyani,Ekasdhoo,އެކަސްދޫ,Industrial Island,,,,,N,91.994569,6.070783,73.284459
LD0491,Sh,Shaviyani,Eriadhoo,އެރިޔަދޫ,Industrial Island,,,,,N,62.834566,6.103669,73.286739
LD0374,Sh,Shaviyani,Farukolhu,ފަރުކޮޅު,Tourism Island,,,,Proposed / Pipeline,N,75.465983,6.190833,73.296692
LD1149,Sh,Shaviyani,Feevah,ފީވަށް,Residential Island,Sh. Feevah Council,Island Council,,,N,87.56318,6.348898,73.209358
LD1100,Sh,Shaviyani,Feydhoo,ފޭދޫ,Residential Island,Sh. Feydhoo Council,Island Council,,,N,90.27882,6.360553,73.048849
LD0049,Sh,Shaviyani,Firubaidhoo,ފިރުބައިދޫ,Industrial Island,,,,,N,16.3335,6.114306,73.227654
LD0646,Sh,Shaviyani,Foakaidhoo,ފޯކައިދޫ,Residential Island,Sh. Foakaidhoo Council,Island Council,,,N,67.814448,6.326699,73.149340
LD0863,Sh,Shaviyani,Funadhoo,ފުނަދޫ,Residential Island,Sh. Funadhoo Council,Island Council,,,Y,122.498119,6.153253,73.289853
LD0629,Sh,Shaviyani,Fushifaru,ފުށިފަރު,Tourism Island,,,,Proposed / Pipeline,N,4.336269,6.395653,72.925839
LD0927,Sh,Shaviyani,Gaakoshibi,ގާކޮށިބި,Tourism Island,,,Sirru Fen Fushi Private Lagoon Resort,Operating,N,18.184266,6.286764,73.012024
LD0854,Sh,Shaviyani,Gallaidhoo,ގައްލައިދޫ,Uninhabited Island,,,,,N,12.432299,5.969047,73.124411
LD0836,Sh,Shaviyani,Goidhoo,ގޮއިދޫ,Residential Island,Sh. Goidhoo Council,Island Council,,,N,100.616365,6.430089,72.929723
,Sh,Shaviyani,Gonaafarufinolhu,ގޮނާފަރުފިނޮޅު,Tourism Island,,,,Proposed / Pipeline,N,<3.0,6.465556,72.898889
LD0480,Sh,Shaviyani,Hirubadhoo,ހިރުބަދޫ,Uninhabited Island,,,,,N,13.053076,6.187869,73.245379
LD0921,Sh,Shaviyani,Hurasfaruhuraa,ހުރަސްފަރުހުރާ,Tourism Island,,,,Proposed / Pipeline,N,4.898395,6.140574,73.036508
LD0266,Sh,Shaviyani,Kakaa eriyadhoo,ކަކާ އެރިޔަދޫ,Industrial Island,,,,,N,14.934822,6.478128,72.902320
LD0424,Sh,Shaviyani,Kan'baalifaru,ކަނބާލިފަރު,Tourism Island,,,,Proposed / Pipeline,N,21.988548,6.124204,73.253434
LD1092,Sh,Shaviyani,Kanditheemu,ކަނޑިތީމު,Residential Island,Sh. Kanditheemu Council,Island Council,,,N,89.304283,6.440537,72.916081
LD0306,Sh,Shaviyani,Keekimini,ކީކިމިނި,Industrial Island,,,,,N,32.317659,6.007315,73.112029
LD1058,Sh,Shaviyani,Komandoo,ކޮމަންޑޫ,Residential Island,Sh. Komandoo Council,Island Council,,,N,22.158796,6.054214,73.054251
LD0818,Sh,Shaviyani,Kudadhoo,ކުޑަދޫ,Uninhabited Island,,,,,N,3.515357,6.435975,72.907518
LD1159,Sh,Shaviyani,Kudafarufinolhu,ކުޑަފަރުފިނޮޅު,Uninhabited Island,,,,,N,1.325759,6.064171,73.044226
LD0304,Sh,Shaviyani,Kudalhaimendhoo,ކުޑަޅައިމެންދޫ,Tourism Island,,,,Proposed / Pipeline,N,13.112491,6.014951,73.295135
LD0978,Sh,Shaviyani,Lhaimagu,ޅައިމަގު,Residential Island,Sh. Lhaimagu Council,Island Council,,,N,44.168911,6.164013,73.251478
LD0141,Sh,Shaviyani,Maakan'doodhoo,މާކަންޑޫދޫ,Uninhabited Island,,,,,N,89.270221,6.234822,73.267407
LD0016,Sh,Shaviyani,Maaungoodhoo,މާއުނގޫދޫ,Residential Island,Sh. Maaungoodhoo Council,Island Council,,,N,29.4141,6.036706,73.283793
LD0248,Sh,Shaviyani,Madidhoo,މަޑިދޫ,Industrial Island,,,,,N,104.596835,6.302396,73.108991
LD0210,Sh,Shaviyani,Madikurehdhoo,މަޑިކުރެދްދޫ,Industrial Island,,,,,N,46.236508,6.284397,73.151020
LD0485,Sh,Shaviyani,Mairah,މައިރަށް,Uninhabited Island,,,,,N,6.891593,6.019475,73.087603
LD1144,Sh,Shaviyani,Maroshi,މަރޮށި,Residential Island,Sh. Maroshi Council,Island Council,,,N,30.868095,6.209665,73.061391
LD0402,Sh,Shaviyani,Mathikomandoo,މަތިކޮމަންޑޫ,Uninhabited Island,,,,,N,8.48867,6.057121,73.046090
LD0074,Sh,Shaviyani,Medhukun'burudhoo,މެދުކުންބުރުދޫ,Industrial Island,,,,,N,46.935419,6.197024,73.030070
LD0655,Sh,Shaviyani,Medhurah,މެދުރަށް,Uninhabited Island,,,,,N,6.686338,6.024089,73.077333
LD0465,Sh,Shaviyani,Migoodhoo,މިގޫދޫ,Uninhabited Island,,,,,N,8.669644,6.228747,73.241273
LD0525,Sh,Shaviyani,Milandhoo,މިލަންދޫ,Residential Island,Sh. Milandhoo Council,Island Council,,,N,133.488627,6.286495,73.244507
LD1170,Sh,Shaviyani,Naainfarufinolhu,ނާއިންފަރުފިނޮޅު,Tourism Island,,,,Proposed / Pipeline,N,7.478862,6.203392,72.998992
LD0131,Sh,Shaviyani,Naalaahuraa,ނާލާހުރާ,Uninhabited Island,,,,,N,0.630057,6.127856,73.036051
LD0744,Sh,Shaviyani,Nalandhoo,ނަލަންދޫ,Uninhabited Island,,,,,N,63.990282,6.324946,73.228295
LD0551,Sh,Shaviyani,Narudhoo,ނަރުދޫ,Residential Island,Sh. Narudhoo Council,Island Council,,,N,42.745624,6.264327,73.218156
LD0090,Sh,Shaviyani,Narurin'budhoo,ނަރުރިންބުދޫ,Uninhabited Island,,,,,N,27.588036,6.279269,73.195768
LD1169,Sh,Shaviyani,Neyo,ނޭޔޮ,Uninhabited Island,,,,,N,20.55523,6.450320,73.059655
LD0985,Sh,Shaviyani,Noomaraa,ނޫމަރާ,Residential Island,Sh. Noomaraa Council,Island Council,,,N,39.212995,6.434224,73.069072
LD0463,Sh,Shaviyani,Raggan'duhuraa,ރައްގަނޑުހުރާ,Uninhabited Island,,,,,N,0.022541,6.111950,73.038289
LD0674,Sh,Shaviyani,Van'garu,ވަންގަރު,Tourism Island,,,JW Marriott Maldives Resort & Spa,Operating,N,9.688351,6.089476,73.203329
LD1206,Sh,Shaviyani,,,Uninhabited Island,,,,,N,0.273725,6.171239,73.296515
LD1511,Sh,Shaviyani,,,Uninhabited Island,,,,,N,0.055544,6.095204,73.030005
LD1512,Sh,Shaviyani,,,Uninhabited Island,,,,,N,0.082172,6.121573,73.026352
LD1513,Sh,Shaviyani,,,Uninhabited Island,,,,,N,0.314503,6.279279,73.009886
LD1514,Sh,Shaviyani,,,Uninhabited Island,,,,,N,0.081162,6.471678,72.889858
LD1515,Sh,Shaviyani,,,Uninhabited Island,,,,,N,0.06954,6.067670,73.043702
LD1516,Sh,Shaviyani,,,Uninhabited Island,,,,,N,0.654678,6.142395,73.047995
LD1517,Sh,Shaviyani,,,Uninhabited Island,,,,,N,0.072282,6.141653,73.055716
LD1145,N,Noonu,Ban'daidhidhdhoo,ބަނޑައިދިއްދޫ,Industrial Island,,,,,N,28.636439,5.685025,73.257620
LD0713,N,Noonu,Bodufushi,ބޮޑުފުށި,Uninhabited Island,,,,,N,0.395611,5.699178,73.410449
LD0823,N,Noonu,Bodulhaimendhoo,ބޮޑުޅައިމެންދޫ,Uninhabited Island,,,,,N,38.935391,6.000023,73.302775
LD0808,N,Noonu,Bomasdhoo,ބޮމަސްދޫ,Industrial Island,,,,,N,28.363455,5.971894,73.345677
LD0258,N,Noonu,Burehifasdhoo,ބުރެހިފަސްދޫ,Uninhabited Island,,,,,N,37.257277,5.965541,73.368089
LD0213,N,Noonu,Dheefuram,ދީފުރަމް,Uninhabited Island,,,,,N,2.377818,5.887745,73.318757
LD1105,N,Noonu,Dhekenanfaru,ދެކެނަންފަރު,Uninhabited Island,,,,,N,2.640705,5.920088,73.157222
LD1083,N,Noonu,Dhelibey ruh elhihuraa,ދެލިބޭ ރުއް އެޅިހުރާ,Uninhabited Island,,,,,N,0.078673,5.807262,73.456675
LD1052,N,Noonu,Dhigurah,ދިގުރަށް,Tourism Island,,,Siyam World Maldives,Operating,N,56.620677,5.732114,73.359408
LD0619,N,Noonu,Dhonaeri kan'doodhoo,ދޮނައެރި ކަންދޫދޫ,Uninhabited Island,,,,,N,21.346884,5.646380,73.329579
LD0409,N,Noonu,Ehdhuffaru mairah,އެއްދުއްފަރު މައިރަށް,Tourism Island,,,,Proposed / Pipeline,N,15.274665,5.695616,73.408666
LD0335,N,Noonu,Ekulhivaru,އެކުޅިވަރު,Tourism Island,,,,Proposed / Pipeline,N,20.295588,5.949944,73.306882
LD0177,N,Noonu,Farumuli,ފަރުމުލި,Uninhabited Island,,,,,N,0.405758,5.864709,73.475330
LD0944,N,Noonu,Felivaru,ފެލިވަރު,Industrial Island,,,,,N,11.276552,5.835912,73.306486
LD0123,N,Noonu,Fohdhipparu,ފޮއްދިއްޕަރު,Uninhabited Island,,,,,N,1.575476,5.753622,73.208376
LD0332,N,Noonu,Fodhdhoo,ފޮއްދޫ,Residential Island,N. Fodhdhoo Council,Island Council,,,N,26.177042,5.743801,73.215951
LD0979,N,Noonu,Fushivelavaru,ފުށިވެލަވަރު,Tourism Island,,,Velaa Private Island Maldives,Operating,N,5.83588,5.863169,73.207257
LD0091,N,Noonu,Goan'bilivaadhoo,ގޮއިންބިލިވާދޫ,Uninhabited Island,,,,,N,13.91391,5.822742,73.387439
LD0962,N,Noonu,Henbadhoo,ހެންބަދޫ,Residential Island,N. Henbadhoo Council,Island Council,,,N,13.83568,5.967548,73.392884
LD0455,N,Noonu,Holhudhoo,ހޮޅުދޫ,Residential Island,N. Holhudhoo Council,Island Council,,,N,50.492919,5.753088,73.255499
,N,Noonu,Holhumeedhoo,ހޮޅުމީދޫ,Tourism Island,,,,Proposed / Pipeline,N,28.3,5.751111,73.249167
LD0620,N,Noonu,Huivani,ހުއިވަނި,Tourism Island,,,,Proposed / Pipeline,N,19.070207,5.913049,73.315629
LD0906,N,Noonu,Hulhudhoo,ހުޅުދޫ,Uninhabited Island,,,,,N,8.592477,5.815067,73.318955
LD0639,N,Noonu,Huvan'dhumaavattaru,ހުވަންދޫމާވައްޓަރު,Tourism Island,,,,Proposed / Pipeline,N,12.176247,5.845254,73.444894
LD0567,N,Noonu,In'guraidhoo,އިނގުރައިދޫ,Uninhabited Island,,,,,N,13.122934,5.797149,73.344709
LD0795,N,Noonu,Kaalhugemendhoo,ކާޅުގެމެންދޫ,Uninhabited Island,,,,,N,0.28883,5.787126,73.354162
LD0121,N,Noonu,Kafakomandoo,ކަފަކޮމަންޑޫ,Uninhabited Island,,,,,N,7.824414,5.962268,73.386268
LD0616,N,Noonu,Kalaidhoo,ކަލައިދޫ,Uninhabited Island,,,,,N,31.721804,5.983456,73.323632
LD0877,N,Noonu,Kan'dinmaahuraa,ކަނޑިންމާހުރާ,Uninhabited Island,,,,,N,0.558283,5.857812,73.480151
LD0133,N,Noonu,Karinma,ކަރިންމަ,Uninhabited Island,,,,,N,0.204729,5.658689,73.372630
LD0327,N,Noonu,Karinmavattaru,ކަރިންމާވައްޓަރު,Uninhabited Island,,,,,N,43.832388,5.669801,73.386881
LD0387,N,Noonu,Kedhivaru,ކެދިވަރު,Uninhabited Island,,,,,N,17.030559,5.852149,73.336336
LD0866,N,Noonu,Kendhikulhudhoo,ކެންދިކުޅުދޫ,Residential Island,N. Kendhikulhudhoo Council,Island Council,,,N,209.086502,5.952517,73.415474
LD0391,N,Noonu,Kudafari,ކުޑަފަރި,Residential Island,N. Kudafari Council,Island Council,,,N,29.192882,5.882829,73.400418
LD0982,N,Noonu,Kudafunafaru,ކުޑަފުނަފަރު,Tourism Island,,,Noku Maldives Vignette Collection,Operating,N,13.107829,5.884695,73.377996
LD0284,N,Noonu,Kudafushi,ކުޑަފުށި,Industrial Island,,,,,N,0.346564,5.702761,73.413074
,N,Noonu,Kudarah,ކުޑަރަށް,Tourism Island,,,,Proposed / Pipeline,N,<3.0,5.832778,73.313889
LD0140,N,Noonu,Kunnamalei,ކުންނަމަލެއި,Tourism Island,,,,Proposed / Pipeline,N,9.117739,5.952968,73.133500
LD0421,N,Noonu,Kuramaadhoo,ކުރަމާދޫ,Uninhabited Island,,,,,N,17.3007,5.873231,73.143808
LD1086,N,Noonu,Kuredhivaru,ކުރެދިވަރު,Tourism Island,,,Kuredhivaru Resort and Spa,Operating,N,10.366427,5.875274,73.343457
LD0191,N,Noonu,Landhoo,ލަންދޫ,Residential Island,N. Landhoo Council,Island Council,,,N,87.209419,5.881804,73.466154
LD0500,N,Noonu,Lhohi,ޅޮހި,Residential Island,N. Lhohi Council,Island Council,,,N,40.562579,5.816037,73.377631
LD0767,N,Noonu,Loafaru,ލޯފަރު,Tourism Island,,,,Proposed / Pipeline,N,13.720211,5.785968,73.276474
LD0560,N,Noonu,Maafaru,މާފަރު,Residential Island,N. Maafaru Council,Island Council,,,N,133.869772,5.824624,73.471528
LD0453,N,Noonu,Maafunafaru,މާފުނަފަރު,Uninhabited Island,,,,,N,23.545818,5.861187,73.366237
LD1499,N,Noonu,Maakanaafushi,މާކަނާފުށި,Uninhabited Island,,,,,N,0.05003,5.727782,73.416221
LD0734,N,Noonu,Maakurandhoo,މާކުރަންދޫ,Industrial Island,,,,,N,27.187097,5.696564,73.311977
LD0203,N,Noonu,Maalhendhoo,މާޅެންދޫ,Residential Island,N. Maalhendhoo Council,Island Council,,,N,46.960848,5.902359,73.456092
LD0559,N,Noonu,Maavahdhoo,މާވަހްދޫ,Uninhabited Island,,,,,N,12.690601,5.814941,73.326356
LD0002,N,Noonu,Maavelavaru,މާވެލަވަރު,Tourism Island,,,,Proposed / Pipeline,N,47.063446,5.805699,73.171391
LD0907,N,Noonu,Magoodhoo,މަގޫދޫ,Residential Island,N. Magoodhoo Council,Island Council,,,N,36.953845,5.776427,73.362463
LD0392,N,Noonu,Manadhoo,މަނަދޫ,Residential Island,N. Manadhoo Council,Island Council,,,Y,110.901565,5.765992,73.410862
LD1036,N,Noonu,Medhafushi,މެދަފުށި,Tourism Island,,,Sun Siyam Iru Fushi Maldives,Operating,N,22.970841,5.744579,73.323862
LD0088,N,Noonu,Medhufaru,މެދުފަރު,Tourism Island,,,Soneva Jani,Operating,N,51.573257,5.713530,73.414409
LD1068,N,Noonu,Miladhoo,މިލަދޫ,Residential Island,N. Miladhoo Council,Island Council,,,N,22.37376,5.790487,73.362599
LD0650,N,Noonu,Minaavaru,މިނާވަރު,Industrial Island,,,,,N,42.011806,5.768620,73.343677
LD0169,N,Noonu,Orimasvaru,އޮރިމަސްވަރު,Tourism Island,,,,Proposed / Pipeline,N,20.606847,5.831074,73.209355
LD0249,N,Noonu,Orivaru,އޮރިވަރު,Tourism Island,,,Robinson Noonu,Operating,N,14.735512,5.802121,73.297717
LD0092,N,Noonu,Orivarukudarah,އޮރިވަރުކުޑަރަށް,Uninhabited Island,,,,,N,0.028763,5.801009,73.293641
LD0996,N,Noonu,Raafushi,ރާފުށި,Tourism Island,,,,Proposed / Pipeline,N,18.522149,5.647592,73.298585
LD0512,N,Noonu,Raalhulaakolhu,ރާޅުލާކޮޅު,Tourism Island,,,,Proposed / Pipeline,N,1.616139,5.686826,73.404620
LD1042,N,Noonu,Randheli,ރަންދެލި,Tourism Island,,,Cheval Blanc Randheli,Operating,N,10.928058,5.691916,73.341722
LD0871,N,Noonu,Than'burudhoo,ތަންބުރުދޫ,Industrial Island,,,,,N,5.900963,5.716573,73.234696
LD1125,N,Noonu,Than'burudhuffushi,ތަންބުރުދުއްފުށި,Tourism Island,,,,Proposed / Pipeline,N,3.034676,5.708546,73.242380
LD0696,N,Noonu,Tholhendhoo,ތޮޅެންދޫ,Uninhabited Island,,,,,N,16.416521,5.920789,73.436452
LD0750,N,Noonu,Thoshigan'dukolhu,ތޮށިގަނޑުކޮޅު,Tourism Island,,,,Proposed / Pipeline,N,2.036284,5.732589,73.413649
LD0271,N,Noonu,Vavathi,ވައްވަތީ,Industrial Island,,,,,N,19.416668,5.796395,73.227421
LD0497,N,Noonu,Velidhoo,ވެލިދޫ,Residential Island,N. Velidhoo Council,Island Council,,,N,62.235479,5.664426,73.273437
LD1128,N,Noonu,Vihafarufinolhu,ވިހަފަރުފިނޮޅު,Uninhabited Island,,,,,N,0.258167,5.681043,73.281233
LD0238,N,Noonu,,,Uninhabited Island,,,,,N,0.766869,5.660891,73.377583
LD1187,N,Noonu,,,Uninhabited Island,,,,,N,0.23233,5.658712,73.373816
LD1518,N,Noonu,,,Uninhabited Island,,,,,N,0.086223,5.662452,73.278562
LD1519,N,Noonu,,,Uninhabited Island,,,,,N,2.317535,5.694895,73.344785
LD1520,N,Noonu,,,Uninhabited Island,,,,,N,0.05898,5.682317,73.275906
LD1521,N,Noonu,,,Uninhabited Island,,,,,N,0.054316,5.702217,73.280937
LD1522,N,Noonu,,,Uninhabited Island,,,,,N,0.140139,5.886109,73.381433
LD1523,N,Noonu,,,Uninhabited Island,,,,,N,0.089018,5.834035,73.212249
LD1524,N,Noonu,,,Uninhabited Island,,,,,N,0.287181,5.733885,73.362846
LD1525,N,Noonu,,,Uninhabited Island,,,,,N,1.561162,5.696873,73.336142
LD1526,N,Noonu,,,Uninhabited Island,,,,,N,1.075753,5.698921,73.335421
LD1527,N,Noonu,,,Uninhabited Island,,,,,N,0.005812,5.874581,73.348841
LD1528,N,Noonu,,,Uninhabited Island,,,,,N,0.112178,5.704829,73.414620
LD0444,R,Raa,Aarah,އާރަށް,Tourism Island,,,Heritance Aarah,Operating,N,12.982632,5.447666,72.941350
LD0588,R,Raa,Alifushi,އަލިފުށި,Residential Island,R. Alifushi Council,Island Council,,,N,60.57001,5.967268,72.953201
LD0281,R,Raa,Angolhitheemu,އަނގޮޅިތީމު,Residential Island,R. Angolhitheemu Council,Island Council,,,N,39.839134,5.792897,73.006649
LD0965,R,Raa,Angaagiri,އަންގާގިރި,Uninhabited Island,,,,,N,2.487905,5.556412,72.946044
LD0917,R,Raa,Arilundhoo,އަރިލުންދޫ,Uninhabited Island,,,,,N,3.584128,5.660229,72.957670
LD0320,R,Raa,Ban'daveri,ބަނޑަވެރި,Uninhabited Island,,,,,N,2.423216,5.622719,72.852252
LD0739,R,Raa,Bodufarufinolhu,ބޮޑުފަރުފިނޮޅު,Tourism Island,,,,Proposed / Pipeline,N,4.751315,5.529551,72.805834
LD0632,R,Raa,Bodufen maaen'budhoo,ބޮޑުފެން މާއެނބޫދޫ,Uninhabited Island,,,,,N,3.149007,5.629719,72.924133
LD0097,R,Raa,Bodufushi,ބޮޑުފުށި,Tourism Island,,,Joali Being Bodufushi,Operating,N,12.419845,5.507682,72.968897
LD0086,R,Raa,Boduhaiykodi,ބޮޑުހައިކޮޑި,Industrial Island,,,,,N,4.151579,5.611436,72.969752
LD0134,R,Raa,Boduhuraa,ބޮޑުހުރާ,Uninhabited Island,,,,,N,0.616468,5.417963,73.022530
LD0493,R,Raa,Dheburidheythereyvaadhoo,ދެބުރިދެތެރޭވާދޫ,Industrial Island,,,,,N,10.055359,5.400698,72.991366
LD0315,R,Raa,Dhekunumaafaru,ދެކުނުމާފަރު,Uninhabited Island,,,,,N,0.113414,5.432263,72.896531
LD0918,R,Raa,Dhigali,ދިގަލި,Tourism Island,,,Niva Dhigali Maldives,Operating,N,20.746701,5.475279,72.953774
LD0404,R,Raa,Dhikkurehdhoo,ދިއްކުރެހްދޫ,Uninhabited Island,,,,,N,4.833281,5.576874,72.957207
LD1055,R,Raa,Dhinnaafushi,ދިންނާފުށި,Uninhabited Island,,,,,N,0.609908,5.589030,72.833090
LD0218,R,Raa,Dhoragali,ދޮރަގަލި,Tourism Island,,,,Proposed / Pipeline,N,6.667862,5.494089,72.997597
LD0790,R,Raa,Dhuvaafaru,ދުވާފަރު,Residential Island,R. Dhuvaafaru Council,Island Council,,,N,54.651127,5.629247,73.041401
LD0821,R,Raa,Dhuvaafaruhuraa,ދުވާފަރުހުރާ,Uninhabited Island,,,,,N,0.220021,5.639874,73.041573
LD0643,R,Raa,Ehthigili,އެއްތިގިލި,Tourism Island,,,,Proposed / Pipeline,N,11.294274,5.978850,72.938347
LD1117,R,Raa,Ethigan'du jehihuraa,އެތިގަނޑު ޖެހިހުރާ,Uninhabited Island,,,,,N,0.02783,5.424122,73.029792
LD0125,R,Raa,Faarufushi,ފާރުފުށި,Tourism Island,,,Emerald Faarufushi Resort & Spa,Operating,N,6.814026,5.768022,72.965288
LD0924,R,Raa,Fainu,ފައިނު,Residential Island,R. Fainu Council,Island Council,,,N,61.795385,5.463455,73.034582
LD0676,R,Raa,Fasgan'dufaru,ފަސްގަނޑުފަރު,Uninhabited Island,,,,,N,0.490459,5.757898,72.939696
LD0477,R,Raa,Fasmendhoo,ފަސްމެންދޫ,Tourism Island,,,Emerald Maldives Resort & Spa Fasmendho,Operating,N,19.63171,5.494216,72.881602
LD1120,R,Raa,Fenfushi,ފެންފުށި,Industrial Island,,,,,N,4.831229,5.382442,72.902284
LD0043,R,Raa,Filaidhoo,ފިލައިދޫ,Tourism Island,,,Reethi Faru Resort,Operating,N,19.205267,5.491818,72.938414
LD0236,R,Raa,Fuggiri,ފުގްގިރި,Tourism Island,,,,Proposed / Pipeline,N,8.188846,5.724468,72.854057
LD0058,R,Raa,Furaveri,ފުރަވެރި,Tourism Island,,,Furaveri Maldives,Operating,N,23.969044,5.440250,72.908309
LD0105,R,Raa,Gaaun'doodhoo,ގާއުނޑޫދޫ,Industrial Island,,,,,N,16.415565,5.749472,73.015715
LD1151,R,Raa,Gemana,ގެމަނަ,Uninhabited Island,,,,,N,2.44989,5.537110,72.984983
LD0122,R,Raa,Giraavaru,ގިރާވަރު,Uninhabited Island,,,,,N,1.111444,5.588334,72.861165
LD0355,R,Raa,Goboshi,ގޮބޮށި,Uninhabited Island,,,,,N,1.796438,5.551651,72.884182
LD1022,R,Raa,Goiymaru,ގޮއިމަރު,Uninhabited Island,,,,,N,2.1174,5.630177,72.887583
LD0144,R,Raa,Goyyafaru,ގޮއްޔަފަރު,Uninhabited Island,,,,,N,3.389197,5.564944,72.928291
LD0106,R,Raa,Hiboodhoo,ހިބޫދޫ,Uninhabited Island,,,,,N,2.484019,5.612637,72.919066
LD0385,R,Raa,Hiraveri,ހިރަވެރި,Uninhabited Island,,,,,N,0.484165,5.571638,72.869436
LD0612,R,Raa,Hulhudhoo,ހުޅުދޫ,Uninhabited Island,,,,,N,1.633271,5.738559,73.018982
LD0600,R,Raa,Hulhudhuffaaru,ހުޅުދުއްފާރު,Residential Island,R. Hulhudhuffaaru Council,Island Council,,,N,60.816466,5.765496,73.012130
LD0585,R,Raa,Huruvalhi,ހުރުވަޅި,Tourism Island,,,The Standard Huruvalhi Maldives,Operating,N,6.689659,5.392036,72.979049
LD0298,R,Raa,Ifuru,އިފުރު,Industrial Island,,,,,N,57.471278,5.708029,73.024114
LD1121,R,Raa,Inguraidhoo,އިނގުރައިދޫ,Residential Island,R. Inguraidhoo Council,Island Council,,,N,47.104442,5.476994,73.036716
LD0564,R,Raa,Innamaadhoo,އިންނަމާދޫ,Residential Island,R. Innamaadhoo Council,Island Council,,,N,37.175115,5.549387,73.044249
LD0800,R,Raa,Kan'dholhudhoo,ކަނޑޮޅުދޫ,Uninhabited Island,,,,,N,11.799283,5.618752,72.855106
LD0914,R,Raa,Kan'doogan'du,ކަނޑޫގަނޑު,Tourism Island,,,,Proposed / Pipeline,N,2.580319,5.780854,72.876182
LD0509,R,Raa,Kandhoomeehunge lhaan'bugali,ކަންދޫމީހުންގެ ޅާންބުގަލި,Uninhabited Island,,,,,N,0.555247,5.731085,72.919896
LD0194,R,Raa,Kinolhas,ކިނޮޅަސް,Residential Island,R. Kinolhas Council,Island Council,,,N,56.228136,5.448449,73.030050
LD0822,R,Raa,Kothaifaru,ކޮތައިފަރު,Tourism Island,,,Alila Kothaifaru Maldives,Operating,N,11.269344,5.524945,72.843124
LD1127,R,Raa,Kottefaru,ކޮއްޓެފަރު,Tourism Island,,,Brennia Kottefaru,Operating,N,13.800018,5.510078,73.040894
LD0478,R,Raa,Kudafen maaen'boodhoo,ކުޑަފެން މާއެނބޫދޫ,Uninhabited Island,,,,,N,1.338788,5.625166,72.935832
LD1016,R,Raa,Kudafushi,ކުޑަފުށި,Tourism Island,,,Kudafushi Resort & Spa,Operating,N,10.359002,5.510674,72.980409
LD0110,R,Raa,Kudakurathu,ކުޑަކުރަތު,Tourism Island,,,Raaya by Atmosphere,Operating,N,38.7849,5.583740,73.044438
LD0025,R,Raa,Kudalhosgiri,ކުޑަލްހޮސްގިރި,Uninhabited Island,,,,,N,1.007703,5.602177,72.913946
LD0496,R,Raa,Kudathulhaadhoo,ކުޑަތުޅާދޫ,Uninhabited Island,,,,,N,1.801702,5.407633,72.898990
LD1122,R,Raa,Kukulhudhoo,ކުކުޅުދޫ,Uninhabited Island,,,,,N,2.963137,5.459219,72.871178
LD1238,R,Raa,Kukulhudhuffaru,ކުކުޅުދުއްފަރު,Uninhabited Island,,,,,N,2.729344,5.473334,72.843958
LD0018,R,Raa,Kurehdhoo,ކުރެދްދޫ,Uninhabited Island,,,,,N,3.531039,5.640484,72.894562
LD0295,R,Raa,Kuroshigiri,ކުރޮށިގިރި,Tourism Island,,,,Proposed / Pipeline,N,1.012,5.513975,72.850321
LD0667,R,Raa,Lhaan'bugali,ޅާންބުގަލި,Uninhabited Island,,,,,N,2.655641,5.552766,72.876765
LD0872,R,Raa,Lhohi,ޅޮހި,Industrial Island,,,,,N,3.864406,5.461513,72.885259
LD0580,R,Raa,Lun'boakandhoo,ލުންބޯކަންދޫ,Industrial Island,,,,,N,18.353503,5.730636,72.934323
LD0241,R,Raa,Lun'dhufushi,ލުންދުފުށި,Tourism Island,,,,Proposed / Pipeline,N,7.084493,5.643621,72.987065
LD0180,R,Raa,Maakurathu,މާކުރަތު,Residential Island,R. Maakurathu Council,Island Council,,,N,53.137713,5.606169,73.043719
LD0746,R,Raa,Maamin'gili,މާމިނގިލި,Tourism Island,,,Cora Cora Maldives,Operating,N,7.21864,5.651117,72.884463
LD0675,R,Raa,Maamunagau,މާމުނަގައު,Tourism Island,,,Inter Continental Maldives Maamunagau,Operating,N,8.395081,5.359905,72.919071
LD0779,R,Raa,Maamunagaufinolhu,މާމުނަގައުފިނޮޅު,Uninhabited Island,,,,,N,0.216741,5.369618,72.876189
LD0961,R,Raa,Maanenfushi,މާއެނފުށި,Tourism Island,,,,Proposed / Pipeline,N,20.190982,5.751044,72.961411
LD0679,R,Raa,Maashigiri,މާށިގިރި,Uninhabited Island,,,,,N,11.241924,5.513939,72.826867
LD0319,R,Raa,Madivaafaru,މަޑިވާފަރު,Uninhabited Island,,,,,N,0.898328,5.608277,72.989531
LD0573,R,Raa,Maduvvari,މަޑުއްވަރި,Residential Island,R. Maduvvari Council,Island Council,,,N,22.728042,5.486328,72.895989
LD0269,R,Raa,Mahidhoo,މަހިދޫ,Uninhabited Island,,,,,N,1.050065,5.537545,72.944284
LD0605,R,Raa,Meedhoo,މީދޫ,Residential Island,R. Meedhoo Council,Island Council,,,N,36.243457,5.458150,72.955271
LD0095,R,Raa,Meedhupparu,މީދޫއްޕަރު,Tourism Island,,,Adaaran Select Meedhupparu,Operating,N,18.762371,5.455946,72.979918
LD1212,R,Raa,Minaadhoo,މިނާދޫ,Uninhabited Island,,,,,N,0.100738,5.588152,72.927476
LD0297,R,Raa,Mullaafushi,މުއްލާފުށި,Uninhabited Island,,,,,N,1.474316,5.581199,72.906860
LD0603,R,Raa,Mullaafushi,މުއްލާފުށި,Uninhabited Island,,,,,N,0.641965,5.519887,72.907477
LD0401,R,Raa,Muravandhoo,މުރަވަންދޫ,Tourism Island,,,Joali Muravandhoo,Operating,N,10.846716,5.607915,72.951832
LD0840,R,Raa,Neyo,ނޭޔޮ,Uninhabited Island,,,,,N,7.190373,5.492583,73.038893
LD0178,R,Raa,Rasgetheemu,ރަސްގެތީމު,Residential Island,R. Rasgetheemu Council,Island Council,,,N,39.207399,5.807699,73.002954
LD0423,R,Raa,Rasmaadhoo,ރަސްމާދޫ,Residential Island,R. Rasmaadhoo Council,Island Council,,,N,26.684992,5.563069,73.043699
LD0434,R,Raa,Thaavathaa,ތާވަތާ,Uninhabited Island,,,,,N,8.220484,5.485296,72.975809
LD0163,R,Raa,Ufulandhoo,އުފުލަންދޫ,Tourism Island,,,,Proposed / Pipeline,N,29.470477,5.464385,72.913390
LD1175,R,Raa,Ungoofaaru,އުނގޫފާރު,Residential Island,R. Ungoofaaru Council,Island Council,,,Y,36.149593,5.668287,73.029744
LD0070,R,Raa,Un'gulu,އުނގުލު,Industrial Island,,,,,N,13.780703,5.690919,73.026375
LD0428,R,Raa,Uthurumaafaru,އުތުރުމާފަރު,Tourism Island,,,You & Me Maldives,Operating,N,3.069357,5.669953,72.845788
LD0609,R,Raa,Vaadhoo,ވާދޫ,Residential Island,R. Vaadhoo Council,Island Council,,,N,38.165617,5.856224,72.991070
LD0231,R,Raa,Vaffushi,ވައްފުށި,Uninhabited Island,,,,,N,1.030809,5.629278,72.862699
LD0113,R,Raa,Vaffushihuraa,ވައްފުށިހުރާ,Uninhabited Island,,,,,N,0.985231,5.642823,72.839931
LD1503,R,Raa,Vakkarufaru,ވައްކަރުފަރު,Uninhabited Island,,,,,N,0.035236,5.515144,72.926885
LD0736,R,Raa,Vandhoo,ވަންދޫ,Uninhabited Island,,,,,N,39.933074,5.531598,73.041885
LD1063,R,Raa,Veyvah,ވޭވަށް,Tourism Island,,,,Proposed / Pipeline,N,1.719632,5.767140,72.893373
LD0661,R,Raa,Vilin'gili,ވިލިނގިލި,Uninhabited Island,,,,,N,4.448541,5.376738,72.954920
LD1231,R,Raa,,,Uninhabited Island,,,,,N,0.680616,5.422706,73.028080
LD1232,R,Raa,,,Uninhabited Island,,,,,N,0.043903,5.420117,73.024078
LD1233,R,Raa,,,Uninhabited Island,,,,,N,0.058701,5.414008,73.015547
LD1236,R,Raa,,,Uninhabited Island,,,,,N,0.24704,5.608238,72.941871
LD1237,R,Raa,,,Uninhabited Island,,,,,N,0.801517,5.569295,72.829919
LD1529,R,Raa,,,Uninhabited Island,,,,,N,0.459669,5.531439,72.801497
LD1530,R,Raa,,,Uninhabited Island,,,,,N,0.023927,5.535766,72.922732
LD1531,R,Raa,,,Uninhabited Island,,,,,N,0.069055,5.775008,72.928142
LD1532,R,Raa,,,Uninhabited Island,,,,,N,0.263163,5.748071,72.866468
LD1533,R,Raa,,,Uninhabited Island,,,,,N,0.314306,5.723251,72.861795
LD1534,R,Raa,,,Uninhabited Island,,,,,N,0.203986,5.629981,72.883417
LD1535,R,Raa,,,Uninhabited Island,,,,,N,0.051107,5.618255,72.829673
LD1536,R,Raa,,,Uninhabited Island,,,,,N,0.068994,5.612015,72.849523
LD1537,R,Raa,,,Uninhabited Island,,,,,N,0.03094,5.614078,72.849927
LD1538,R,Raa,,,Uninhabited Island,,,,,N,0.171302,5.964738,72.957990
LD1539,R,Raa,,,Uninhabited Island,,,,,N,0.164814,5.769885,72.967133
LD1540,R,Raa,,,Uninhabited Island,,,,,N,0.250521,5.768957,72.967756
LD1541,R,Raa,,,Uninhabited Island,,,,,N,0.038723,5.577392,72.880952
LD1542,R,Raa,,,Uninhabited Island,,,,,N,0.071409,5.542691,72.902239
LD1543,R,Raa,,,Uninhabited Island,,,,,N,0.210924,5.445691,72.945446
LD1544,R,Raa,,,Uninhabited Island,,,,,N,0.445981,5.388144,72.976255
LD1545,R,Raa,,,Uninhabited Island,,,,,N,0.022498,5.664107,72.849962
LD1546,R,Raa,,,Uninhabited Island,,,,,N,0.042195,5.540829,72.810304
LD1547,R,Raa,,,Uninhabited Island,,,,,N,0.078403,5.509235,73.036058
LD1548,R,Raa,,,Uninhabited Island,,,,,N,0.122848,5.516481,72.925904
LD0861,B,Baa,Ahivaffushi,އަހިވައްފުށި,Uninhabited Island,,,,,N,0.312543,5.228497,72.856991
LD0164,B,Baa,Aidhoo,އައިދޫ,Industrial Island,,,,,N,3.390635,5.187292,73.163568
LD1224,B,Baa,An'gaafaru,އަނގާފަރު,Uninhabited Island,,,,,N,1.659028,5.177502,73.099236
LD0454,B,Baa,Anhenunfushi,އަންހެނުންފުށި,Uninhabited Island,,,,,N,20.526428,5.342137,72.968693
LD0055,B,Baa,Bathalaa,ބަތަލާ,Uninhabited Island,,,,,N,1.762063,5.353316,73.068175
LD1211,B,Baa,Bathalaahuraa,ބަތަލާހުރާ,Uninhabited Island,,,,,N,0.801144,5.357390,73.061994
LD1280,B,Baa,Boadhaafushi,ބޯދާފުށި,Uninhabited Island,,,,,N,3.170277,4.881660,72.894951
LD0418,B,Baa,Bodufinolhu,ބޮޑުފިނޮޅު,Tourism Island,,,,Proposed / Pipeline,N,11.071244,5.008896,72.857743
LD0937,B,Baa,Boifushi,ބޮއިފުށި,Tourism Island,,,,Proposed / Pipeline,N,0.619176,5.297830,72.993837
LD0687,B,Baa,Dhakandhoo,ދަކަންދޫ,Uninhabited Island,,,,,N,5.733043,5.248385,72.893652
LD0910,B,Baa,Dhandhoo,ދަންދޫ,Tourism Island,,,,Proposed / Pipeline,N,2.52308,5.235913,73.168395
LD0844,B,Baa,Dharavandhoo,ދަރަވަންދޫ,Residential Island,B. Dharavandhoo Council,Island Council,,,N,67.384564,5.157033,73.130709
LD1054,B,Baa,Dhashufaruhuraa,ދަށުފަރުހުރާ,Uninhabited Island,,,,,N,0.075837,4.817379,72.909928
LD0076,B,Baa,Dhigudhefaru,ދިގުދެފަރު,Tourism Island,,,,Proposed / Pipeline,N,3.70482,5.235112,73.139141
LD0440,B,Baa,Dhigufaruvinagan'du,ދިގުފަރުވިނަގަނޑު,Tourism Island,,,Dhigufaru Island Resort,Operating,N,5.842201,5.352333,72.989750
LD0348,B,Baa,Dhonfanu,ދޮންފަނު,Residential Island,B. Dhonfanu Council,Island Council,,,N,17.30447,5.187979,73.122931
LD1216,B,Baa,Dhoogan'dufinolhu,ދޫގަނޑުފިނޮޅު,Uninhabited Island,,,,,N,0.36693,5.247400,73.151976
LD1146,B,Baa,Dhunikolhu,ދުނިކޮޅު,Tourism Island,,,Coco Palm Dhunikolhu,Operating,N,15.763694,5.039647,72.881479
LD1200,B,Baa,En'boodhoo,އެނބޫދޫ,Tourism Island,,,,Proposed / Pipeline,N,4.315823,5.063879,72.856166
LD0204,B,Baa,Eydhafushi,އޭދަފުށި,Residential Island,B. Eydhafushi Council,Island Council,,,Y,56.347201,5.102656,73.070774
LD0252,B,Baa,Fares,ފަރެސް,Tourism Island,,,Avani + Fares Maldives,Operating,N,13.158615,5.232139,72.877271
LD0520,B,Baa,Fehendhoo,ފެހެންދޫ,Residential Island,B. Fehendhoo Council,Island Council,,,N,25.167163,4.881774,72.968754
LD1041,B,Baa,Finolhas,ފިނޮޅަސް,Tourism Island,,,,Proposed / Pipeline,N,24.484782,5.233878,73.113643
LD1504,B,Baa,Finolhufaru,ފިނޮޅުފަރު,Uninhabited Island,,,,,N,0.025725,5.183933,72.934623
LD0451,B,Baa,Fonimagoodhoo,ފޮނިމަގޫދޫ,Tourism Island,,,NH Collection Maldives Reethi Resort,Operating,N,11.213478,5.255163,73.163528
LD0044,B,Baa,Fulhadhoo,ފުޅަދޫ,Residential Island,B. Fulhadhoo Council,Island Council,,,N,29.271955,4.884713,72.932465
LD0776,B,Baa,Funadhoo,ފުނަދޫ,Tourism Island,,,,Proposed / Pipeline,N,12.462911,5.274631,73.033132
LD0594,B,Baa,Gaagan'dufaruhuraa,ގާގަނޑުފަރުހުރާ,Uninhabited Island,,,,,N,0.108856,5.369215,73.060843
LD0410,B,Baa,Gaavilin'gili,ގާވިލިންގިލި,Uninhabited Island,,,,,N,1.994262,5.062096,72.837510
LD0502,B,Baa,Gemendhoo,ގެމެންދޫ,Uninhabited Island,,,,,N,1.895214,5.275599,73.019793
LD0931,B,Baa,Goidhoo,ގޮއިދޫ,Residential Island,B. Goidhoo Council,Island Council,,,N,162.944662,4.872079,72.999556
LD0601,B,Baa,Hanifaru,ހަނިފަރު,Uninhabited Island,,,,,N,2.648272,5.183098,73.133052
LD1214,B,Baa,Hanifaruhuraa,ހަނިފަރުހުރާ,Uninhabited Island,,,,,N,0.027229,5.172893,73.151435
LD0438,B,Baa,Hibalhidhoo,ހިބަޅިދޫ,Tourism Island,,,,Proposed / Pipeline,N,20.05163,5.141367,73.114746
LD0732,B,Baa,Hirundhoo,ހިރުންދޫ,Tourism Island,,,Dreamland - The Unique Sea & Lake Resort/Spa,Operating,N,6.078914,5.217104,73.153586
LD1000,B,Baa,Hithaadhoo,ހިތާދޫ,Residential Island,B. Hithaadhoo Council,Island Council,,,N,31.740218,5.007406,72.922859
LD0185,B,Baa,Horubadhoo,ހޮރުބަދޫ,Tourism Island,,,Royal Island Resort and Spa,Operating,N,16.490933,5.162683,73.052741
LD0226,B,Baa,Hulhudhoo,ހުޅުދޫ,Uninhabited Island,,,,,N,4.179721,5.274912,73.025159
LD0889,B,Baa,Hulhudhoo,ހުޅުދޫ,Uninhabited Island,,,,,N,2.388381,5.071312,73.031741
LD1215,B,Baa,Huraafaru,ހުރާފަރު,Tourism Island,,,,Proposed / Pipeline,N,2.975102,5.206923,73.153938
LD0999,B,Baa,Innafushi,އިންނަފުށި,Tourism Island,,,,Proposed / Pipeline,N,3.488531,4.877513,72.879362
LD0518,B,Baa,Kamadhoo,ކަމަދޫ,Residential Island,B. Kamadhoo Council,Island Council,,,N,21.348633,5.282034,73.136981
LD0197,B,Baa,Kanufusheegaathufinolhu,ކަނުފުށީގާތުފިނޮޅު,Tourism Island,,,,Proposed / Pipeline,N,2.966335,5.013653,72.961981
LD0022,B,Baa,Kanufushi,ކަނުފުށި,Tourism Island,,,Finolhu Baa Atoll Maldives,Operating,N,12.101343,5.011704,72.953304
LD1137,B,Baa,Kashidhoo,ކަށިދޫ,Industrial Island,,,,,N,6.608706,5.297178,72.968702
,B,Baa,Kashidhuffarufinolhu,ކަށިދޫއްފަރުފިނޮޅު,Tourism Island,,,,Proposed / Pipeline,N,<3.0,5.295556,72.931944
LD0668,B,Baa,Kendhoo,ކެންދޫ,Residential Island,B. Kendhoo Council,Island Council,,,N,19.015349,5.275394,73.009979
LD1115,B,Baa,Keyodhoo,ކެޔޮދޫ,Uninhabited Island,,,,,N,3.257111,5.276622,72.996030
LD0363,B,Baa,Kihaadhoo,ކިހާދޫ,Residential Island,B. Kihaadhoo Council,Island Council,,,N,30.772466,5.215188,73.125099
LD1197,B,Baa,Kihaadhuffaru,ކިހާދުއްފަރު,Tourism Island,,,Kihaadhuffaru Resort,Proposed / Pipeline,N,15.0633,5.190973,73.132381
LD1061,B,Baa,Kihavah huravalhi,ކިހަވައް ހުރަވަޅި,Tourism Island,,,Anantara Kihavah Villas,Operating,N,15.449922,5.296193,73.057105
LD0544,B,Baa,Kudadhoo,ކުޑަދޫ,Uninhabited Island,,,,,N,0.646773,5.028754,72.991768
LD0059,B,Baa,Kudarikilu,ކުދަރިކިލު,Residential Island,B. Kudarikilu Council,Island Council,,,N,18.92569,5.300419,73.070832
LD0217,B,Baa,Kunfunadhoo,ކުންފުނަދޫ,Tourism Island,,,Soneva Fushi Resort,Operating,N,44.969801,5.112467,73.077677
LD0256,B,Baa,Lan'daagiraavaru,ލަންޑާ ގިރާވަރު,Tourism Island,,,Four Seasons Resort Maldives at Landaa Giraavaru,Operating,N,21.612439,5.286059,73.111882
LD0535,B,Baa,Maaddoo,މާއްދޫ,Uninhabited Island,,,,,N,25.930895,5.092783,73.062681
LD1220,B,Baa,Maafusheefinolhu,މާފުށީފިނޮޅު,Uninhabited Island,,,,,N,0.201373,5.231380,73.191061
LD0637,B,Baa,Maalhos,މާޅޮސް,Residential Island,B. Maalhos Council,Island Council,,,N,25.737584,5.134688,73.108156
LD0617,B,Baa,Maamaduvvari,މާމަޑުއްވަރި,Tourism Island,,,,Proposed / Pipeline,N,38.492475,5.009422,72.942115
LD1153,B,Baa,Maarikilu,މާރިކިލު,Industrial Island,,,,,N,26.773437,5.334986,72.952531
LD0841,B,Baa,Madhirivaadhoo,މަދިރިވާދޫ,Uninhabited Island,,,,,N,5.1747,5.268895,73.161264
LD0968,B,Baa,Mathifaru,މަތިފަރު,Uninhabited Island,,,,,N,1.038861,4.816068,72.890462
LD0135,B,Baa,Medhufinolhu,މެދުފިނޮޅު,Uninhabited Island,,,,,N,3.356469,5.015829,72.966891
LD0833,B,Baa,Mendhoo,މެންދޫ,Tourism Island,,,,Proposed / Pipeline,N,14.763287,5.174966,72.995529
LD1075,B,Baa,Milaidhoo,މިލައިދޫ,Tourism Island,,,Milaidhoo Island Maldives,Operating,N,5.51469,5.267113,73.128476
LD0147,B,Baa,Miriandhoo,މިރިއަންދޫ,Tourism Island,,,The Westin Maldives Miriandhoo Resort,Operating,N,6.568658,5.063214,73.031273
LD1015,B,Baa,Muhdhoo,މުއްދޫ,Tourism Island,,,Dusit Thani Maldives,Operating,N,18.92602,5.206672,73.084727
LD1066,B,Baa,Muthaafushi,މުތާފުށި,Tourism Island,,,,Proposed / Pipeline,N,5.041946,5.078426,72.877828
LD0466,B,Baa,Nelivarufinolhu,ނެލިވަރުފިނޮޅު,Uninhabited Island,,,,,N,0.99465,5.125979,73.085787
LD0958,B,Baa,Nibiligaa,ނިބިލިގާ,Uninhabited Island,,,,,N,1.592583,5.174184,72.944158
LD0672,B,Baa,Olhugiri,އޮޅުގިރި,Uninhabited Island,,,,,N,20.677144,5.001314,72.905856
LD0608,B,Baa,Thiladhoo,ތިލަދޫ,Tourism Island,,,The Nautilus Maldives,Operating,N,4.697213,5.262204,73.155255
LD0677,B,Baa,Thulhaadhoo,ތުޅާދޫ,Residential Island,B. Thulhaadhoo Council,Island Council,,,N,45.801303,5.021917,72.841120
LD0589,B,Baa,Ufuligiri,އުފުލިގިރި,Tourism Island,,,,Proposed / Pipeline,N,0.419469,5.017003,72.970093
LD0264,B,Baa,Un'doodhoo,އުނޑޫދޫ,Industrial Island,,,,,N,12.904623,5.274655,73.042440
LD0660,B,Baa,Vakkaru,ވަކަރު,Tourism Island,,,Vakkaru Maldives,Operating,N,14.677883,5.133602,72.910049
LD1219,B,Baa,Vandhuhmaafarufinolhu,ވަންދުއްމާފަރުފިނޮޅު,Uninhabited Island,,,,,N,0.174816,5.237308,73.190959
LD0162,B,Baa,Velavaru,ވެލާވަރު,Uninhabited Island,,,,,N,0.208053,5.206677,72.920747
LD0769,B,Baa,Veyofushi,ވެޔޮފުށި,Uninhabited Island,,,,,N,0.307479,5.229556,73.156228
LD0742,B,Baa,Vinaneiyfaruhuraa,ވިނަނެތްފަރުހުރާ,Uninhabited Island,,,,,N,0.15063,5.346199,73.078716
LD0654,B,Baa,Voavah,ވޯވަށް,Tourism Island,,,Four Seasons Private Island Maldives at Voavah,Operating,N,3.082601,5.316348,73.077624
LD0781,B,Baa,,,Uninhabited Island,,,,,N,3.598788,5.325433,73.086157
LD0991,B,Baa,,,Uninhabited Island,,,,,N,1.66211,5.167230,73.057133
LD1208,B,Baa,,,Uninhabited Island,,,,,N,0.031108,5.295273,72.963701
LD1209,B,Baa,,,Uninhabited Island,,,,,N,1.742012,5.299529,72.955251
LD1210,B,Baa,,,Uninhabited Island,,,,,N,0.102837,5.341753,73.075439
LD1217,B,Baa,,,Uninhabited Island,,,,,N,0.603506,5.253347,73.120002
LD1218,B,Baa,,,Uninhabited Island,,,,,N,0.179305,5.240546,73.191096
LD1221,B,Baa,,,Uninhabited Island,,,,,N,0.029423,5.226024,73.190836
LD1222,B,Baa,,,Uninhabited Island,,,,,N,2.764025,5.181111,73.032163
LD1223,B,Baa,,,Uninhabited Island,,,,,N,0.078649,5.165520,73.062173
LD1225,B,Baa,,,Uninhabited Island,,,,,N,0.799257,5.167023,73.041461
LD1229,B,Baa,,,Uninhabited Island,,,,,N,3.630237,5.283828,73.096563
LD1230,B,Baa,,,Uninhabited Island,,,,,N,0.1369,5.297791,73.012853
LD1271,B,Baa,,,Uninhabited Island,,,,,N,0.018005,4.884593,72.954540
LD1272,B,Baa,,,Uninhabited Island,,,,,N,0.211031,4.884211,72.975651
LD1273,B,Baa,,,Uninhabited Island,,,,,N,0.011279,4.882990,72.941717
LD1274,B,Baa,,,Uninhabited Island,,,,,N,0.016891,4.884778,72.947927
LD1275,B,Baa,,,Uninhabited Island,,,,,N,0.146653,4.885025,72.952411
LD1276,B,Baa,,,Uninhabited Island,,,,,N,0.015186,4.886005,72.941798
LD1277,B,Baa,,,Uninhabited Island,,,,,N,0.36045,4.881478,72.887042
LD1279,B,Baa,,,Uninhabited Island,,,,,N,0.945049,4.880729,72.889848
LD1283,B,Baa,,,Uninhabited Island,,,,,N,0.116068,4.883150,72.901160
LD1284,B,Baa,,,Uninhabited Island,,,,,N,0.381795,4.883537,72.907229
LD1287,B,Baa,,,Uninhabited Island,,,,,N,0.878812,4.884069,72.912714
LD1288,B,Baa,,,Uninhabited Island,,,,,N,0.362751,4.884317,72.921459
LD1549,B,Baa,,,Uninhabited Island,,,,,N,0.024539,5.348525,73.068960
LD1550,B,Baa,,,Uninhabited Island,,,,,N,0.018459,5.353669,73.073696
LD1551,B,Baa,,,Uninhabited Island,,,,,N,0.157127,5.218004,72.876367
LD1552,B,Baa,,,Uninhabited Island,,,,,N,0.121234,5.170960,72.926478
LD1553,B,Baa,,,Uninhabited Island,,,,,N,0.023166,5.164598,73.063852
LD1554,B,Baa,,,Uninhabited Island,,,,,N,0.859784,5.012975,72.857977
LD1555,B,Baa,,,Uninhabited Island,,,,,N,0.033567,5.013000,72.858863
LD1556,B,Baa,,,Uninhabited Island,,,,,N,0.690641,5.061130,72.845905
LD1557,B,Baa,,,Uninhabited Island,,,,,N,0.073748,5.075623,72.876273
LD1558,B,Baa,,,Uninhabited Island,,,,,N,0.279847,5.133718,72.978882
LD1559,B,Baa,,,Uninhabited Island,,,,,N,0.24511,5.358021,73.001933
LD1560,B,Baa,,,Uninhabited Island,,,,,N,0.091656,5.358274,73.002538
LD1561,B,Baa,,,Uninhabited Island,,,,,N,0.175331,4.818058,72.911304
LD0282,Lh,Lhaviyani,Aligau,އަލިގައު,Industrial Island,,,,,N,1.983244,5.244135,73.516560
LD0963,Lh,Lhaviyani,Boamandhipparu huraagan'du,ބޯމަންދިއްޕަރު ހުރާގަނޑު,Uninhabited Island,,,,,N,0.808733,5.498268,73.510559
LD0394,Lh,Lhaviyani,Bodufinolhu,ބޮޑުފިނޮޅު,Tourism Island,,,Le Méridien Maldives Resort and Spa,Operating,N,3.4637,5.270627,73.571320
LD0809,Lh,Lhaviyani,Bodugaahuraa,ބޮޑުގާހުރާ,Uninhabited Island,,,,,N,0.328314,5.332519,73.656854
LD1028,Lh,Lhaviyani,Dhashugirifinolhu,ދަށުގިރިފިނޮޅު,Uninhabited Island,,,,,N,0.035467,5.421716,73.425010
LD0714,Lh,Lhaviyani,Dhehuraa evvihuraa,ދެހުރާ އެއްވިހުރާ,Uninhabited Island,,,,,N,0.87792,5.554690,73.489445
LD0234,Lh,Lhaviyani,Dheruffinolhu,ދެރުއްފިނޮޅު,Tourism Island,,,Dheruhfinolhu by Jawakara Islands Maldives,Operating,N,5.734422,5.324432,73.647435
LD0547,Lh,Lhaviyani,Dhiffushi,ދިއްފުށި,Uninhabited Island,,,,,N,15.171667,5.386712,73.649400
LD1136,Lh,Lhaviyani,Dhihdhoo,ދިއްދޫ,Uninhabited Island,,,,,N,13.186313,5.376197,73.382417
LD1101,Lh,Lhaviyani,Dhirun'baahuraa,ދިރުންބާހުރާ,Uninhabited Island,,,,,N,0.004968,5.353971,73.658597
LD0666,Lh,Lhaviyani,Faadhoo,ފާދޫ,Industrial Island,,,,,N,12.304573,5.431598,73.629926
LD1267,Lh,Lhaviyani,Faadhoohuraagan'du,ފާދޫހުރާގަނޑު,Uninhabited Island,,,,,N,0.533495,5.435924,73.619603
LD0096,Lh,Lhaviyani,Fainu aadhanhuraa,ފައިނުއާދަންހުރާ,Uninhabited Island,,,,,N,0.092492,5.358524,73.657769
LD0119,Lh,Lhaviyani,Fehigili,ފެހިގިލި,Uninhabited Island,,,,,N,0.676979,5.557351,73.481343
LD0046,Lh,Lhaviyani,Felivaru,ފެލިވަރު,Industrial Island,,,,,N,46.705251,5.476991,73.386228
LD1020,Lh,Lhaviyani,Fushifaru,ފުށިފަރު,Tourism Island,,,Fushifaru Maldives,Operating,N,5.203138,5.491209,73.515229
LD1013,Lh,Lhaviyani,Gaaerifaru,ގާއެރިފަރު,Uninhabited Island,,,,,N,3.421922,5.485445,73.403490
LD0576,Lh,Lhaviyani,Govvaafushi,ގޮއްވާފުށި,Uninhabited Island,,,,,N,0.0077,5.357157,73.658498
LD0340,Lh,Lhaviyani,Hinnavaru,ހިންނަވަރު,Residential Island,Lh. Hinnavaru Council,Island Council,,,N,54.066987,5.492483,73.411424
LD1111,Lh,Lhaviyani,Hiriyaadhoo,ހިރިޔާދޫ,Uninhabited Island,,,,,N,29.110873,5.412270,73.643833
LD0307,Lh,Lhaviyani,Hudhufushi,ހުދުފުށި,Tourism Island,,,,Proposed / Pipeline,N,64.412519,5.362136,73.653685
LD0980,Lh,Lhaviyani,Huravalhi,ހުރަވަޅި,Tourism Island,,,Hurawalhi Island Resort,Operating,N,9.274345,5.521164,73.441461
LD0797,Lh,Lhaviyani,Innahuraa,އިންނަހުރާ,Tourism Island,,,Nala Maldives by Jawakara,Operating,N,12.228222,5.350116,73.654068
LD0116,Lh,Lhaviyani,Kalhumanjehuraa,ކަޅުމަންޖެހުރާ,Uninhabited Island,,,,,N,0.75553,5.553657,73.482976
LD1178,Lh,Lhaviyani,Kanifushi,ކަނިފުށި,Tourism Island,,,Atmosphere Kanifushi Maldives,Operating,N,36.443182,5.366289,73.339578
LD0333,Lh,Lhaviyani,Kanuhuraa,ކަނުހުރާ,Tourism Island,,,Six Senses Kanuhura,Operating,N,18.707484,5.532723,73.505997
LD1107,Lh,Lhaviyani,Komandoo,ކޮމަންޑޫ,Tourism Island,,,Komandoo Island Resort,Operating,N,5.038144,5.493356,73.424297
LD0837,Lh,Lhaviyani,Kudadhoo,ކުޑަދޫ,Tourism Island,,,Kudadoo Maldives Private island,Operating,N,2.831308,5.502896,73.433564
LD0310,Lh,Lhaviyani,Kurehdhoo,ކުރެދްދޫ,Tourism Island,,,Kuredu Island Resort,Operating,N,43.230988,5.549469,73.464227
LD0510,Lh,Lhaviyani,Kurendhoo,ކުރެންދޫ,Residential Island,Lh. Kurendhoo Council,Island Council,,,N,22.788812,5.334031,73.463465
LD0015,Lh,Lhaviyani,Lhohi,ޅޮހި,Industrial Island,,,,,N,10.719078,5.321573,73.472835
LD1179,Lh,Lhaviyani,Lhossalafushi,ޅޮއްސަލަފުށި,Uninhabited Island,,,,,N,28.181335,5.307542,73.483156
LD0187,Lh,Lhaviyani,Maabinhuraa,މާބިންހުރާ,Tourism Island,,,Mabinhura by Jawakara Islands Maldives,Operating,N,40.172489,5.337153,73.651281
LD0490,Lh,Lhaviyani,Maafilaafushi,މާފިލާފުށި,Uninhabited Island,,,,,N,57.20191,5.362824,73.417280
LD0183,Lh,Lhaviyani,Maakoa,މާކޯ,Uninhabited Island,,,,,N,24.591665,5.357464,73.430339
LD0737,Lh,Lhaviyani,Madhiriguraidhoo,މަދިރިގުރައިދޫ,Tourism Island,,,Palm Beach Island,Proposed / Pipeline,N,23.000983,5.469687,73.559451
LD0354,Lh,Lhaviyani,Madivaru,މަޑިވަރު,Uninhabited Island,,,,,N,36.361705,5.458756,73.370262
LD0211,Lh,Lhaviyani,Maduvvari,މަޑުއްވަރި,Uninhabited Island,,,,,N,24.04919,5.284929,73.502275
LD0678,Lh,Lhaviyani,Maidhoo,މައިދޫ,Uninhabited Island,,,,,N,20.986256,5.397491,73.648556
LD0860,Lh,Lhaviyani,Mas leggihuraa,މަސްލެގިހުރާ,Uninhabited Island,,,,,N,1.191154,5.543712,73.500829
LD0812,Lh,Lhaviyani,Medha adihuraa,މެދަ އަޑިހުރާ,Tourism Island,,,,Proposed / Pipeline,N,3.171275,5.540789,73.502696
LD0330,Lh,Lhaviyani,Medhafushi,މެދަފުށި,Uninhabited Island,,,,,N,1.613066,5.355584,73.426906
LD0262,Lh,Lhaviyani,Meedhaadihuraa,މީދާދިހުރާ,Uninhabited Island,,,,,N,2.384277,5.369327,73.407742
LD0469,Lh,Lhaviyani,Meyyafushi,މެޔާފުށި,Tourism Island,,,Meyyafushi Maldives,Operating,N,7.33954,5.441843,73.607718
LD0020,Lh,Lhaviyani,Naifaru,ނައިފަރު,Residential Island,Lh. Naifaru Council,Island Council,,,Y,58.292494,5.444843,73.365303
LD0517,Lh,Lhaviyani,Olhuvelifushi,އޮޅުވެލިފުށި,Residential Island,Lh. Olhuvelifushi Council,Island Council,,,N,28.801563,5.278463,73.606816
LD1190,Lh,Lhaviyani,Ookolhufinolhu,އޫކޮޅުފިނޮޅު,Tourism Island,,,Cocoon Maldives,Operating,N,10.951528,5.282115,73.622831
,Lh,Lhaviyani,Rathuruh-huraa,ރަތުރޫހްހުރާ,Tourism Island,,,,Proposed / Pipeline,N,<3.0,5.402500,73.648611
LD0626,Lh,Lhaviyani,Sehlhifushi,ސެޅިފުށި,Uninhabited Island,,,,,N,15.607421,5.421585,73.641277
LD0879,Lh,Lhaviyani,Thilamaafushi,ތިލަމާފުށި,Tourism Island,,,,Proposed / Pipeline,N,10.686956,5.273255,73.587066
LD0730,Lh,Lhaviyani,Varihuraa,ވަރިހުރާ,Uninhabited Island,,,,,N,1.844888,5.303534,73.488182
LD0124,Lh,Lhaviyani,Vavvaru,ވައްވަރު,Uninhabited Island,,,,,N,3.088752,5.417345,73.354400
LD1249,Lh,Lhaviyani,Veligan'du,ވެލިގަނޑު,Uninhabited Island,,,,,N,1.479462,5.528593,73.437805
LD0361,Lh,Lhaviyani,Veyvah,ވޭވަށް,Tourism Island,,,,Proposed / Pipeline,N,2.910564,5.425211,73.361191
LD0464,Lh,Lhaviyani,Vihafarufinolhu,ވިހަފަރުފިނޮޅު,Uninhabited Island,,,,,N,0.279296,5.455812,73.582044
LD1109,Lh,Lhaviyani,,,Uninhabited Island,,,,,N,0.190559,5.371382,73.353374
LD1241,Lh,Lhaviyani,,,Uninhabited Island,,,,,N,0.030607,5.407648,73.351719
LD1242,Lh,Lhaviyani,,,Uninhabited Island,,,,,N,0.014589,5.557301,73.483888
LD1244,Lh,Lhaviyani,,,Uninhabited Island,,,,,N,0.208231,5.545969,73.496784
LD1252,Lh,Lhaviyani,,,Uninhabited Island,,,,,N,0.379525,5.376728,73.391725
LD1253,Lh,Lhaviyani,,,Uninhabited Island,,,,,N,0.09873,5.376715,73.389924
LD1255,Lh,Lhaviyani,,,Uninhabited Island,,,,,N,0.069394,5.375525,73.374097
LD1256,Lh,Lhaviyani,,,Uninhabited Island,,,,,N,0.262662,5.374671,73.372020
LD1261,Lh,Lhaviyani,,,Uninhabited Island,,,,,N,0.139971,5.372172,73.354976
LD1262,Lh,Lhaviyani,,,Uninhabited Island,,,,,N,0.032102,5.367922,73.419054
LD1266,Lh,Lhaviyani,,,Uninhabited Island,,,,,N,0.09096,5.315471,73.642133
LD1268,Lh,Lhaviyani,,,Uninhabited Island,,,,,N,0.623333,5.498225,73.425770
LD1562,Lh,Lhaviyani,,,Uninhabited Island,,,,,N,0.182344,5.312347,73.642591
LD1563,Lh,Lhaviyani,,,Uninhabited Island,,,,,N,0.287391,5.314984,73.643467
LD1564,Lh,Lhaviyani,,,Uninhabited Island,,,,,N,0.37902,5.299918,73.637718
LD1565,Lh,Lhaviyani,,,Uninhabited Island,,,,,N,0.300219,5.293561,73.623610
LD1566,Lh,Lhaviyani,,,Uninhabited Island,,,,,N,0.07912,5.507531,73.432557
LD1567,Lh,Lhaviyani,,,Uninhabited Island,,,,,N,0.125417,5.515508,73.436153
LD1568,Lh,Lhaviyani,,,Uninhabited Island,,,,,N,0.125367,5.493532,73.515372
LD1569,Lh,Lhaviyani,,,Uninhabited Island,,,,,N,0.195507,5.275275,73.590173
LD1570,Lh,Lhaviyani,,,Uninhabited Island,,,,,N,0.426409,5.277077,73.590271
LD1571,Lh,Lhaviyani,,,Uninhabited Island,,,,,N,0.946884,5.275913,73.588259
LD1572,Lh,Lhaviyani,,,Uninhabited Island,,,,,N,0.216563,5.529091,73.503058
LD1573,Lh,Lhaviyani,,,Uninhabited Island,,,,,N,0.611977,5.285222,73.623632
LD1574,Lh,Lhaviyani,,,Uninhabited Island,,,,,N,2.388772,5.344134,73.657494
LD1575,Lh,Lhaviyani,,,Uninhabited Island,,,,,N,0.40484,5.347394,73.655074
LD1576,Lh,Lhaviyani,,,Uninhabited Island,,,,,N,1.099968,5.350669,73.650774
LD1293,K,Kaafu,Aanugan'dufinolhu,އާނުގަނޑުފިނޮޅު,Tourism Island,,,Aanugandu Island Resort,Operating,N,8.348494,4.306400,73.505565
LD1714,K,Kaafu,Aanugan'duhuraa,އާނުގަނޑުހުރާ,Tourism Island,,,,Proposed / Pipeline,N,3.852387,4.307826,73.501042
LD1089,K,Kaafu,Aarah,އާރަށް,Institutional Island,,,,,N,5.860183,4.230106,73.494589
LD1502,K,Kaafu,Akasdhoo,އަކަސްދޫ,Tourism Island,,,Hard Rock Hotel Maldives,Operating,N,8.452091,4.123821,73.472313
LD0981,K,Kaafu,Akirifushi,އަގިރިފުށި,Tourism Island,,,Oblu Select by Atmosphere at Sangeli,Operating,N,7.968911,4.637097,73.402556
LD0536,K,Kaafu,Asdhoo,އަސްދޫ,Tourism Island,,,Asdhu Sun Island,Proposed / Pipeline,N,3.244543,4.466327,73.661300
LD0142,K,Kaafu,Baros,ބަރޮސް,Tourism Island,,,Baros Maldives,Operating,N,4.890151,4.284751,73.427105
LD0160,K,Kaafu,Biyaadhoo,ބިޔާދޫ,Tourism Island,,,Biyaadhoo Island Resort,Proposed / Pipeline,N,10.070374,3.922233,73.456336
LD0026,K,Kaafu,Boduban'dos,ބޮޑުބަންޑޮސް,Tourism Island,,,Bandos Maldives,Operating,N,19.943726,4.269407,73.491461
LD1320,K,Kaafu,Bodubis,ބޮޑުބިސް,Uninhabited Island,,,,,N,0.025017,4.275486,73.414519
LD1194,K,Kaafu,Bodufinolhu,ބޮޑުފިނޮޅު,Tourism Island,,,Fun Island Resort,Proposed / Pipeline,N,14.242592,3.857406,73.456601
LD0305,K,Kaafu,Boduhithi,ބޮޑުހިތި,Tourism Island,,,Coco Bodu Hithi,Operating,N,7.648971,4.430768,73.384670
LD0137,K,Kaafu,Boduhuraa,ބޮޑުހުރާ,Tourism Island,,,Naladhu -waterbangalows,Proposed / Pipeline,N,4.662243,3.967439,73.505204
LD0597,K,Kaafu,Bolifushi,ބޮލިފުށި,Tourism Island,,,Bolifushi Island Resort,Operating,N,10.668236,4.097297,73.399796
LD0712,K,Kaafu,Bulhifushi,ބުޅިފުށި,Uninhabited Island,,,,,N,0.574422,3.980012,73.501435
LD0894,K,Kaafu,Dhiffushi,ދިއްފުށި,Residential Island,K. Dhiffushi Council,Island Council,,,N,27.057046,4.441906,73.714327
LD0321,K,Kaafu,Dhigufinolhu,ދިގުފިނޮޅު,Tourism Island,,,Anantara Resort and Spa Maldives,Operating,N,8.092473,3.972387,73.502294
LD1300,K,Kaafu,Dhonfushi,ދޮންފުށި,Tourism Island,,,,Proposed / Pipeline,N,0.767237,4.608588,73.407777
LD0389,K,Kaafu,Dhoonidhoo,ދޫނިދޫ,Institutional Island,,,,,N,4.116428,4.197119,73.513931
LD1501,K,Kaafu,Ehmafushi,އެއްމަފުށި,Tourism Island,,,Saii Lagoon Maldives,Operating,N,26.614046,4.122946,73.465399
LD0816,K,Kaafu,En'boodhoo,އެނބޫދޫ,Tourism Island,,,Embudhu Village,Operating,N,5.36146,4.084084,73.512087
LD0524,K,Kaafu,En'boodhoofinolhu,އެނބޫދޫފިނޮޅު,Tourism Island,,,Taj Exotica Resort & Spa Maldives,Operating,N,5.563548,4.103058,73.525327
LD0648,K,Kaafu,Eriadhoo,އެރިޔަދޫ,Tourism Island,,,Eri Maldives,Operating,N,3.016569,4.589937,73.414394
LD0624,K,Kaafu,Erruh-huraa,އެއްރުއްހުރާ,Tourism Island,,,,Proposed / Pipeline,N,0.71316,3.815035,73.416276
LD1703,K,Kaafu,Fariiruhuraa,ފަރިިއިރުހުރާ,Uninhabited Island,,,,,N,12.077187,4.594685,73.584284
LD1705,K,Kaafu,Farikan'duhuraa,ފަަރިކަނޑުހުރާ,Tourism Island,,,The Ritz Carlton Maldives Fari Islands,Operating,N,14.422806,4.603243,73.581142
LD1730,K,Kaafu,Faritharihuraa,ފަރިތަރިހުރާ,Uninhabited Island,,,,,N,17.291949,4.614359,73.570309
LD0691,K,Kaafu,Farivelihuraa,ފަރިވެލިހުރާ,Tourism Island,,,"Patina Maldives, Fari Islands",Operating,N,39.501677,4.624974,73.571793
LD0390,K,Kaafu,Farukolhufushi,ފަރުކޮޅުފުށި,Tourism Island,,,"Club Faru, Farukolhufushi",Proposed / Pipeline,N,10.808736,4.231289,73.544155
LD0150,K,Kaafu,Feydhoofinolhu,ފޭދޫފިނޮޅު,Tourism Island,,,dusitD2,Operating,N,11.106689,4.212891,73.484436
LD0516,K,Kaafu,Fihaalhohi,ފިޔާޅަހޮހި,Tourism Island,,,Fihaalhohi Maldives,Operating,N,8.999348,3.877269,73.367071
LD0483,K,Kaafu,Funadhoo,ފުނަދޫ,Uninhabited Island,,,,,N,5.57893,4.183783,73.517879
LD1334,K,Kaafu,Funfinolhu,ފުންފިނޮޅު,Tourism Island,,,,Proposed / Pipeline,N,1.098857,3.976289,73.504816
LD1177,K,Kaafu,Furanafushi,ފުރަނަފުށި,Tourism Island,,,Sheraton Maldives Full Moon Resort & Spa,Operating,N,15.043387,4.250084,73.545068
LD0873,K,Kaafu,Gaafaru,ގާފަރު,Residential Island,K. Gaafaru Council,Island Council,,,N,19.474938,4.736182,73.499606
LD0495,K,Kaafu,Gaagan'du,ގާގަނޑު,Uninhabited Island,,,,,N,1.113038,4.249442,73.537026
LD0803,K,Kaafu,Gasfinolhu,ގަސްފިނޮޅު,Tourism Island,,,Club Med Finolhu Villas,Operating,N,7.524631,4.361354,73.626256
LD0689,K,Kaafu,Giraavaru,ގިރާވަރު,Tourism Island,,,Centara Ras Fushi Resort & Spa,Operating,N,3.526453,4.200494,73.412921
LD0359,K,Kaafu,Girifushi,ގިރިފުށި,Institutional Island,,,,,N,5.87487,4.318344,73.578308
LD0577,K,Kaafu,Gulhi,ގުޅި,Residential Island,K. Gulhi Council,Island Council,,,N,11.283389,3.990893,73.508919
LD0558,K,Kaafu,Gulhigaathuhuraa,ގުޅިގާތުހުރާ,Tourism Island,,,,Proposed / Pipeline,N,2.470659,3.976762,73.506578
LD0738,K,Kaafu,Guraidhoo,ގުރައިދޫ,Residential Island,K. Guraidhoo Council,Island Council,,,N,22.48401,3.900706,73.468096
LD1707,K,Kaafu,Hastheem,ހަސްތީމް,Tourism Island,,,,Proposed / Pipeline,N,2.56717,4.622011,73.416624
LD1732,K,Kaafu,Hathaafinolhu,ހަތާފިނޮޅު,Tourism Island,,,JW Marriott Kaafu Atoll Island Resort,Operating,N,6.358701,4.089934,73.523756
LD0036,K,Kaafu,Helen'geli,ހެލެނގެލި,Tourism Island,,,Oblu By Atmosphere at Helengeli,Operating,N,8.105054,4.634358,73.563461
LD0331,K,Kaafu,Hen'badhoo,ހެންބަދޫ,Tourism Island,,,Taj Coral Reef Resort and Spa,Operating,N,3.399931,4.481698,73.393338
LD1129,K,Kaafu,Himmafushi,ހިންމަފުށި,Residential Island,K. Himmafushi Council,Island Council,,,N,66.19051,4.308255,73.571145
LD0890,K,Kaafu,Hulhule,ހުޅުލެ,Industrial Island,,,,,N,332.302213,4.195246,73.531788
LD0591,K,Kaafu,Hulhumale',ހުޅުމާލެ,Residential Island,Male' City Council,City Council,,,N,418.670605,4.222071,73.542463
LD0683,K,Kaafu,Huraa,ހުރާ,Residential Island,K. Huraa Council,Island Council,,,N,52.614556,4.333583,73.601549
LD0154,K,Kaafu,Ihuru,އިހުރު,Tourism Island,,,Dhawa Ihuru,Operating,N,3.165592,4.306770,73.416034
LD1323,K,Kaafu,Ithaafinolhu,އިތާފިނޮޅު,Uninhabited Island,,,,,N,0.251054,4.000791,73.391251
LD1507,K,Kaafu,Ithaafushi,އިތާފުށި,Tourism Island,,,Waldorf Astoria Maldives Ithaafushi,Operating,N,5.150367,4.011923,73.383122
LD0665,K,Kaafu,Kaashidhoo,ކާށިދޫ,Residential Island,K. Kaashidhoo Council,Island Council,,,N,282.710945,4.956371,73.460388
LD0843,K,Kaafu,Kagi,ކާގި,Tourism Island,,,Kagi Maldives Resort and Spa,Operating,N,2.497504,4.676734,73.501217
LD0642,K,Kaafu,Kalhuhuraa,ކަޅުހުރާ,Uninhabited Island,,,,,N,0.052215,4.009599,73.371965
LD1508,K,Kaafu,Kan'baashaa,ކަނބާޝާ,Uninhabited Island,,,,,N,9.21301,4.620521,73.395591
LD0377,K,Kaafu,Kan'doomaafushi,ކަނޑޫމާފުށި,Tourism Island,,,Holiday Inn Resort Kandooma Maldives,Operating,N,14.929873,3.903202,73.473616
LD0656,K,Kaafu,Kan'duoiygiri,ކަނޑުއޮއިގިރި,Industrial Island,,,,,N,3.896978,4.257936,73.540507
LD0960,K,Kaafu,Kanifinolhu,ކަނިފިނޮޅު,Tourism Island,,,Club Med Kanifinolhu,Operating,N,14.321346,4.343587,73.608008
LD0157,K,Kaafu,Kanuoiyhuraa,ކަނުއޮއިހުރާ,Tourism Island,,,Cinnamon Dhonveli Maldives,Operating,N,7.928768,4.319019,73.591915
LD1762,K,Kaafu,Kassanfushi,ކައްސަންފުށި,Uninhabited Island,,,,,N,10.763659,4.518717,73.661225
LD0283,K,Kaafu,Kohdhipparufinolhu,ކޮށްދިއްޕަރުފިނޮޅު,Tourism Island,,,Grand Park Kodhipparu Maldives,Operating,N,2.710645,4.259707,73.380125
LD0230,K,Kaafu,Kudaban'dos,ކުޑަބަނޑޮސް,Tourism Island,,,Malahini Kuda Bandos,Operating,N,4.469166,4.263847,73.499715
LD0324,K,Kaafu,Kudafinolhu,ކުޑަފިނޮޅު,Tourism Island,,,,Proposed / Pipeline,N,1.76936,3.865127,73.458548
LD1777,K,Kaafu,Kudagiri,ކުޑަގިރި,Uninhabited Island,,,,,N,9.78436,4.226544,73.426730
LD0492,K,Kaafu,Kudahithi,ކުޑަހިތި,Tourism Island,,,Coco Palm Kudahithi,Proposed / Pipeline,N,1.438786,4.417354,73.380312
LD1114,K,Kaafu,Kudahuraa,ކުޑަހުރާ,Tourism Island,,,Four Seasons Resort Maldives at Kuda Huraa,Operating,N,7.717748,4.328214,73.597458
LD0972,K,Kaafu,Lankanfinolhu,ލަންކަންފިނޮޅު,Tourism Island,,,Villa Nautica Paradise Island,Operating,N,28.494525,4.285151,73.553974
LD0886,K,Kaafu,Lankanfushi,ލަންކަންފުށި,Tourism Island,,,Gili Lankanfushi,Operating,N,11.580096,4.295032,73.557076
LD0473,K,Kaafu,Lhohifushi,ޅޮހިފުށި,Tourism Island,,,Adaaran Select Hudhuranfushi,Operating,N,20.1946,4.350832,73.617562
LD0842,K,Kaafu,Lhosfushi,ޅޮސްފުށި,Uninhabited Island,,,,,N,0.902532,3.897187,73.469818
LD0128,K,Kaafu,Maadhoo,މާދޫ,Tourism Island,,,Ozen By Atmosphere At Maadhoo,Operating,N,10.825868,3.871571,73.459524
LD0069,K,Kaafu,Maafushi,މާފުށި,Residential Island,K. Maafushi Council,Island Council,,,N,41.598098,3.941089,73.489620
LD1500,K,Kaafu,Maaranfushi,މާރަންފުށި,Tourism Island,,,Oaga Art Resort,Operating,N,6.639042,4.610151,73.420024
LD0436,K,Kaafu,Madivaru,މަޑިވަރު,Tourism Island,,,Varu Island Resort,Operating,N,9.662652,4.500748,73.368691
LD0633,K,Kaafu,Mahaana elhihuraa,މަހާނަ އެޅިހުރާ,Tourism Island,,,Rah Gili Maldives,Operating,N,5.792193,3.812270,73.411279
LD0753,K,Kaafu,Maifalhuhuraa,މައިފަޅުހުރާ,Uninhabited Island,,,,,N,0.61879,4.630167,73.571159
LD1142,K,Kaafu,Makunudhoo,މަކުނުދޫ,Tourism Island,,,Makunudu Island,Operating,N,3.405964,4.542593,73.405690
LD0202,K,Kaafu,Makunufushi,މަކުނުފުށި,Tourism Island,,,Cocoa Island,Operating,N,5.103761,3.917851,73.470096
LD0442,K,Kaafu,Male',މާލެ,Residential Island,Male' City Council,City Council,,,Y,208.033729,4.174446,73.509700
LD0073,K,Kaafu,Maniyafushi,މަނިޔަފުށި,Uninhabited Island,,,,,N,1.352952,4.055655,73.411028
LD0527,K,Kaafu,Medhufinolhu,މެދުފިނޮޅު,Tourism Island,,,"One & Only Reethi Rah, Maldives",Operating,N,54.210596,4.514552,73.369399
LD1071,K,Kaafu,Meerufenfushi,މީރުފެންފުށި,Tourism Island,,,Meeru Maldives Resort Island,Operating,N,37.687894,4.454094,73.716839
LD1313,K,Kaafu,Nakahchaahuraa,ނަކައްޗާހުރާ,Tourism Island,,,,Proposed / Pipeline,N,1.959014,4.342049,73.386518
LD0765,K,Kaafu,Nakaiychaafushi,ނަކައިޗާފުށި,Tourism Island,,,Huvafenfushi Maldives,Operating,N,5.277136,4.368448,73.369714
LD1706,K,Kaafu,Nashvilu,ނަޝްވިލު,Tourism Island,,,,Proposed / Pipeline,N,5.902713,4.624529,73.406524
LD1335,K,Kaafu,Noofinolhu,ނޫފިނޮޅޮ,Tourism Island,,,,Proposed / Pipeline,N,1.261958,3.968743,73.503083
LD0415,K,Kaafu,Olhigan'dufinolhu,އޮޅިގަނޑުފިނޮޅު,Tourism Island,,,,Proposed / Pipeline,N,0.618737,3.811939,73.417626
LD0482,K,Kaafu,Olhuhali,އޮޅުހަލި,Tourism Island,,,Jumeirah Maldives Olhahali Island,Operating,N,6.132802,4.690019,73.450817
LD0756,K,Kaafu,Olhuveli,އޮޅުވެލި,Tourism Island,,,Sun Siyam Olhuveli Maldives,Operating,N,15.469732,3.850763,73.455934
LD0196,K,Kaafu,Rannaalhi,ރަންނާޅި,Tourism Island,,,Adaaran Club Rannalhi,Operating,N,4.900216,3.903258,73.357919
LD0785,K,Kaafu,Rasfari,ރަސްފަރި,Uninhabited Island,,,,,N,1.314033,4.394668,73.351533
LD0159,K,Kaafu,Than'burudhoo,ތަންބުރުދޫ,Uninhabited Island,,,,,N,3.729999,4.315682,73.584225
LD0166,K,Kaafu,Thilafushi,ތިލަފުށި,Uninhabited Island,,,,,N,118.869851,4.182489,73.440224
LD1329,K,Kaafu,Tholhimaraahuraa,ތޮޅިމަރާހުރާ,Tourism Island,,,,Proposed / Pipeline,N,0.064598,3.824646,73.375198
LD0929,K,Kaafu,Thulhaagiri,ތުޅާގިރި,Tourism Island,,,Thulhagiri Island Resort & Spa,Operating,N,4.071385,4.311751,73.487203
LD0745,K,Kaafu,Thulusdhoo,ތުލުސްދޫ,Residential Island,K. Thulusdhoo Council,Island Council,,,Y,77.132774,4.373144,73.647742
LD0007,K,Kaafu,Thulusdhoo irumathee huraagan'du,ތުލުސްދޫ އިރުމަތީ ހުރާގަނޑު,Uninhabited Island,,,,,N,1.022881,4.371686,73.654665
LD0259,K,Kaafu,Thun'bafushi,ތުންބަފުށި,Industrial Island,,,,,N,7.366329,4.589846,73.590053
LD0903,K,Kaafu,Vaadhoo,ވާދޫ,Tourism Island,,,Adaaran Prestige Vadoo,Operating,N,2.309305,4.124157,73.457221
LD0098,K,Kaafu,Vaagali,ވާގަލި,Tourism Island,,,,Proposed / Pipeline,N,0.836701,3.948617,73.355928
LD0311,K,Kaafu,Vabbinfaru,ވައްބިންފަރު,Tourism Island,,,Banyan Tree Maldives Vabbinfaru,Operating,N,5.145572,4.309741,73.423906
LD0078,K,Kaafu,Vabboahuraa,ވައްބޯހުރާ,Uninhabited Island,,,,,N,1.119304,4.319551,73.596328
LD0149,K,Kaafu,Vammaafushi,ވަމާފުށި,Uninhabited Island,,,,,N,0.029667,3.948543,73.496055
LD0954,K,Kaafu,Velassaru,ވެލާއްސަރު,Tourism Island,,,Niva Velassaru Maldives,Operating,N,9.003921,4.121439,73.436937
LD1134,K,Kaafu,Veligan'duhuraa,ވެލިގަނޑުހުރާ,Tourism Island,,,Anantara Veli and Naladhu,Operating,N,3.436668,3.971715,73.506394
LD1039,K,Kaafu,Vihamanaafushi,ވިހަމަނާފުށި,Tourism Island,,,Kurumba Maldives,Operating,N,13.620349,4.226482,73.519776
LD0215,K,Kaafu,Vilin'gili mathidhahuraa,ވިލިނގިލި މަތިދަހުރާ,Tourism Island,,,Kuda Villingili Resort Maldives,Operating,N,17.784115,4.377503,73.663571
LD0268,K,Kaafu,Vilin'gili,ވިލިނގިލި,Residential Island,Male' City Council,City Council,,,N,32.913695,4.173395,73.485279
LD1165,K,Kaafu,Vilivaru,ވިލިވަރު,Tourism Island,,,,Proposed / Pipeline,N,7.130108,3.914483,73.455281
LD0399,K,Kaafu,Ziyaaraiyfushi,ޒިޔާރަތްފުށި,Tourism Island,,,Summer Island Maldives,Operating,N,6.081308,4.532945,73.372479
LD0062,K,Kaafu,,,Uninhabited Island,,,,,N,0.086947,4.348621,73.609885
LD0127,K,Kaafu,,,Uninhabited Island,,,,,N,0.502089,4.320639,73.582625
LD0362,K,Kaafu,,,Uninhabited Island,,,,,N,0.063477,4.956237,73.443256
LD0468,K,Kaafu,,,Uninhabited Island,,,,,N,1.323745,4.343310,73.611319
LD0549,K,Kaafu,,,Uninhabited Island,,,,,N,0.545536,3.992773,73.507317
LD0584,K,Kaafu,,,Uninhabited Island,,,,,N,0.061755,4.322303,73.594043
LD0721,K,Kaafu,,,Uninhabited Island,,,,,N,2.970259,4.957946,73.451959
LD0853,K,Kaafu,,,Uninhabited Island,,,,,N,11.916428,4.582688,73.580060
LD0950,K,Kaafu,,,Uninhabited Island,,,,,N,0.673221,4.957028,73.440316
LD1203,K,Kaafu,,,Uninhabited Island,,,,,N,26.910398,4.180454,73.457555
LD1295,K,Kaafu,,,Uninhabited Island,,,,,N,1.546324,4.369400,73.409473
LD1296,K,Kaafu,,,Uninhabited Island,,,,,N,0.318577,4.456843,73.406768
LD1297,K,Kaafu,,,Uninhabited Island,,,,,N,0.565094,4.472593,73.449004
LD1298,K,Kaafu,,,Uninhabited Island,,,,,N,0.635407,4.730594,73.486404
LD1299,K,Kaafu,,,Uninhabited Island,,,,,N,0.63958,4.631458,73.439438
LD1301,K,Kaafu,,,Uninhabited Island,,,,,N,0.134003,4.682444,73.453898
LD1303,K,Kaafu,,,Uninhabited Island,,,,,N,8.60581,4.671477,73.532493
LD1304,K,Kaafu,,,Uninhabited Island,,,,,N,0.153427,4.467599,73.673746
LD1305,K,Kaafu,,,Uninhabited Island,,,,,N,0.032309,4.467500,73.685688
LD1306,K,Kaafu,,,Uninhabited Island,,,,,N,0.120853,4.384948,73.653636
LD1308,K,Kaafu,,,Uninhabited Island,,,,,N,0.490921,4.359156,73.627966
LD1310,K,Kaafu,,,Uninhabited Island,,,,,N,0.03701,4.346218,73.602161
LD1312,K,Kaafu,,,Uninhabited Island,,,,,N,0.099372,4.270540,73.358987
LD1315,K,Kaafu,,,Uninhabited Island,,,,,N,0.133976,4.352879,73.614521
LD1316,K,Kaafu,,,Uninhabited Island,,,,,N,0.214435,4.351479,73.614661
LD1317,K,Kaafu,,,Uninhabited Island,,,,,N,0.63615,4.330687,73.596574
LD1318,K,Kaafu,,,Uninhabited Island,,,,,N,0.394435,4.286580,73.551442
LD1321,K,Kaafu,,,Uninhabited Island,,,,,N,0.09334,3.955839,73.460541
LD1325,K,Kaafu,,,Uninhabited Island,,,,,N,0.200585,4.074379,73.412852
LD1326,K,Kaafu,,,Uninhabited Island,,,,,N,0.035498,4.079249,73.530533
LD1327,K,Kaafu,,,Uninhabited Island,,,,,N,1.53879,3.840529,73.376806
LD1328,K,Kaafu,,,Uninhabited Island,,,,,N,0.120912,3.827697,73.377767
LD1702,K,Kaafu,,,Uninhabited Island,,,,,N,31.094295,4.665946,73.544502
LD1708,K,Kaafu,,,Uninhabited Island,,,,,N,0.082293,4.577130,73.589827
LD1709,K,Kaafu,,,Uninhabited Island,,,,,N,4.062712,4.403477,73.687981
LD1710,K,Kaafu,,,Uninhabited Island,,,,,N,11.883561,4.387383,73.676740
LD1711,K,Kaafu,,,Uninhabited Island,,,,,N,0.842175,4.217431,73.394293
LD1712,K,Kaafu,,,Uninhabited Island,,,,,N,0.080422,4.546759,73.390746
LD1713,K,Kaafu,,,Uninhabited Island,,,,,N,9.788476,4.693639,73.514301
LD1715,K,Kaafu,,,Uninhabited Island,,,,,N,0.168559,4.657000,73.541413
LD1716,K,Kaafu,,,Uninhabited Island,,,,,N,0.044124,4.295353,73.480616
LD1717,K,Kaafu,,,Uninhabited Island,,,,,N,0.046891,4.299309,73.471420
LD1718,K,Kaafu,,,Tourism Island,,,Joy Island,Operating,N,0.02154,4.310555,73.364314
LD1719,K,Kaafu,,,Uninhabited Island,,,,,N,0.001522,4.311710,73.364456
LD1720,K,Kaafu,,,Uninhabited Island,,,,,N,1.11791,4.265376,73.423416
LD1722,K,Kaafu,,,Uninhabited Island,,,,,N,11.985086,4.089648,73.389237
LD1723,K,Kaafu,,,Uninhabited Island,,,,,N,11.74754,4.061792,73.379771
LD1724,K,Kaafu,,,Uninhabited Island,,,,,N,5.256767,4.056222,73.388452
LD1725,K,Kaafu,,,Uninhabited Island,,,,,N,0.083305,3.894142,73.362772
LD1726,K,Kaafu,,,Uninhabited Island,,,,,N,0.012918,3.834718,73.377592
LD1727,K,Kaafu,,,Uninhabited Island,,,,,N,0.081842,3.816269,73.418697
LD1728,K,Kaafu,,,Uninhabited Island,,,,,N,34.518425,3.824076,73.437274
LD1729,K,Kaafu,,,Uninhabited Island,,,,,N,0.470456,3.830653,73.446568
LD1731,K,Kaafu,,,Uninhabited Island,,,,,N,0.046349,3.972254,73.463117
LD1733,K,Kaafu,,,Uninhabited Island,,,,,N,8.057155,4.117950,73.526494
LD1734,K,Kaafu,,,Uninhabited Island,,,,,N,39.447478,4.121611,73.503777
LD1735,K,Kaafu,,,Uninhabited Island,,,,,N,0.05061,3.920696,73.444122
LD1736,K,Kaafu,,,Uninhabited Island,,,,,N,4.716357,3.966539,73.446621
LD1737,K,Kaafu,,,Uninhabited Island,,,,,N,0.083052,3.988955,73.512769
LD1739,K,Kaafu,,,Uninhabited Island,,,,,N,0.51066,3.906048,73.472823
LD1740,K,Kaafu,,,Uninhabited Island,,,,,N,8.930172,3.847691,73.459985
LD1741,K,Kaafu,,,Uninhabited Island,,,,,N,0.102476,4.248593,73.545937
LD1742,K,Kaafu,,,Uninhabited Island,,,,,N,0.190856,4.248404,73.545281
LD1743,K,Kaafu,,,Uninhabited Island,,,,,N,0.162813,4.248233,73.544434
LD1744,K,Kaafu,,,Uninhabited Island,,,,,N,0.188743,4.248155,73.543716
LD1745,K,Kaafu,,,Uninhabited Island,,,,,N,0.194611,4.248095,73.543087
LD1746,K,Kaafu,,,Uninhabited Island,,,,,N,0.105086,4.248012,73.542569
LD1747,K,Kaafu,,,Uninhabited Island,,,,,N,8.216412,4.014466,73.383387
LD1748,K,Kaafu,,,Uninhabited Island,,,,,N,0.895578,4.015221,73.387484
LD1749,K,Kaafu,,,Uninhabited Island,,,,,N,1.417852,4.014405,73.390129
LD1750,K,Kaafu,,,Uninhabited Island,,,,,N,7.515454,4.014271,73.394314
LD1751,K,Kaafu,,,Uninhabited Island,,,,,N,0.18184,4.011108,73.392324
LD1752,K,Kaafu,,,Uninhabited Island,,,,,N,3.422856,4.008844,73.403475
LD1753,K,Kaafu,,,Uninhabited Island,,,,,N,0.158196,4.663277,73.549200
LD1754,K,Kaafu,,,Uninhabited Island,,,,,N,0.356432,4.594995,73.578776
LD1755,K,Kaafu,,,Uninhabited Island,,,,,N,0.279914,4.595652,73.578175
LD1756,K,Kaafu,,,Tourism Island,,,SO/ Maldives,Operating,N,7.261305,4.123310,73.482621
LD1757,K,Kaafu,,,Uninhabited Island,,,,,N,8.917704,4.085526,73.387838
LD1758,K,Kaafu,,,Uninhabited Island,,,,,N,12.995462,4.081352,73.386095
LD1759,K,Kaafu,,,Uninhabited Island,,,,,N,0.104247,4.061872,73.384456
LD1760,K,Kaafu,,,Uninhabited Island,,,,,N,0.193006,3.830062,73.439412
LD1761,K,Kaafu,,,Tourism Island,,,Hilton Maldives Amingiri Resort & Spa,Operating,N,2.007827,4.250074,73.366711
LD1763,K,Kaafu,,,Uninhabited Island,,,,,N,0.49584,4.376765,73.667601
LD1764,K,Kaafu,,,Uninhabited Island,,,,,N,0.729083,4.376197,73.660698
LD1765,K,Kaafu,,,Uninhabited Island,,,,,N,0.308656,4.376052,73.665833
LD1767,K,Kaafu,,,Uninhabited Island,,,,,N,7.16454,3.852068,73.460490
LD1781,K,Kaafu,,,Uninhabited Island,,,,,N,0.644317,3.894439,73.409881
LD1782,K,Kaafu,,,Uninhabited Island,,,,,N,0.044658,4.209344,73.497651
LD1783,K,Kaafu,,,Uninhabited Island,,,,,N,12.006972,4.311659,73.347385
LD1784,K,Kaafu,,,Uninhabited Island,,,,,N,11.355996,4.309584,73.358939
LD1785,K,Kaafu,,,Tourism Island,,,Centara Mirage Lagoon Maldives & Centara Grand Lagoon Maldives,Operating,N,10.763135,4.316139,73.348118
LD0225,AA,Alifu Alifu,Alikoirah,އަލިކޮއިރަށް,Tourism Island,,,,Proposed / Pipeline,N,1.465362,3.943378,72.879995
LD1080,AA,Alifu Alifu,Bathalaa,ބަތަލާ,Tourism Island,,,Sandies Bathala,Operating,N,3.203231,4.070342,72.945794
LD0474,AA,Alifu Alifu,Bodufolhudhoo,ބޮޑުފޮޅުދޫ,Residential Island,AA. Bodufolhudhoo Council,Island Council,,,N,12.492676,4.185741,72.773469
LD1154,AA,Alifu Alifu,Dhinnolhufinolhu,ދިންނޮޅުފިނޮޅު,Uninhabited Island,,,,,N,0.496554,4.138574,72.732614
LD0201,AA,Alifu Alifu,Ellaidhoo,އެއްލައިދޫ,Tourism Island,,,Ellaidhoo Maldives By Cinnamon,Operating,N,5.747898,4.006208,72.949180
LD0405,AA,Alifu Alifu,Etheremadivaru,އެތެރެމަޑިވަރު,Tourism Island,,,Ananea Madivaru Maldives,Operating,N,2.432228,4.118844,72.937533
LD0287,AA,Alifu Alifu,Feridhoo,ފެރިދޫ,Residential Island,AA. Feridhoo Council,Island Council,,,N,45.079816,4.051066,72.725569
LD1002,AA,Alifu Alifu,Fesdhoo,ފެސްދޫ,Tourism Island,,,W Maldives,Operating,N,4.965637,4.006877,72.811003
LD1021,AA,Alifu Alifu,Fusfinolhu,ފުސްފިނޮޅު,Uninhabited Island,,,,,N,0.011952,4.018989,72.958406
LD0868,AA,Alifu Alifu,Fushi,ފުށި,Uninhabited Island,,,,,N,0.817702,4.215690,72.883434
LD0964,AA,Alifu Alifu,Gaagan'du,ގާގަނޑު,Uninhabited Island,,,,,N,0.071722,4.232715,72.864991
LD0997,AA,Alifu Alifu,Gaathafushi,ގާތަފުށި,Tourism Island,,,,Proposed / Pipeline,N,1.083756,4.023699,72.810707
LD0343,AA,Alifu Alifu,Gangehi,ގަންގެހި,Tourism Island,,,Gangehi Island Resort,Operating,N,3.339659,4.219999,72.754203
LD0375,AA,Alifu Alifu,Halaveli,ހަލަވެލި,Tourism Island,,,Constance Halaveli Resort,Operating,N,7.655918,4.038493,72.919200
LD0874,AA,Alifu Alifu,Himandhoo,ހިމަންދޫ,Residential Island,AA. Himandhoo Council,Island Council,,,N,20.958977,3.921069,72.744234
LD0027,AA,Alifu Alifu,Kan'dholhudhoo,ކަނޑޮޅުދޫ,Tourism Island,,,Kandolhu Maldives,Operating,N,2.991456,4.002602,72.881785
LD0893,AA,Alifu Alifu,Kudafolhudhoo,ކުޑަފޮޅުދޫ,Tourism Island,,,Nika Island Resort and Spa,Operating,N,5.348472,4.181356,72.766750
LD1139,AA,Alifu Alifu,Kuramathi,ކުރަމަތި,Tourism Island,,,Niva Kuramathi Maldives,Operating,N,31.182256,4.259864,72.977778
LD0109,AA,Alifu Alifu,Maagau,މާގައު,Tourism Island,,,,Proposed / Pipeline,N,2.030068,3.989184,72.957031
LD0004,AA,Alifu Alifu,Maalhos,މާޅޮސް,Residential Island,AA. Maalhos Council,Island Council,,,N,32.453251,3.986405,72.719227
LD0300,AA,Alifu Alifu,Maayafushi,މާޔާފުށި,Tourism Island,,,Maayafushi Tourist Resort,Operating,N,3.993157,4.073613,72.887575
LD0574,AA,Alifu Alifu,Madivaru,މަޑިވަރު,Uninhabited Island,,,,,N,0.571713,4.265580,73.000238
LD0645,AA,Alifu Alifu,Madivarufinolhu,މަޑިވަރުފިނޮޅު,Uninhabited Island,,,,,N,0.858133,4.269629,73.001156
LD0760,AA,Alifu Alifu,Madoogali,މަޑޫގަލި,Tourism Island,,,Madoogali Resort,Proposed / Pipeline,N,6.357331,4.096137,72.752883
LD0356,AA,Alifu Alifu,Mathivereefinolhu,މަތިވެރިފިނޮޅު,Tourism Island,,,,Proposed / Pipeline,N,2.86149,4.185892,72.750003
LD0132,AA,Alifu Alifu,Mathiveri,މަތިވެރި,Residential Island,AA. Mathiveri Council,Island Council,,,N,23.064295,4.191960,72.746108
LD0865,AA,Alifu Alifu,Mushimasmigili,މުޝިމަސްމިގިލި,Tourism Island,,,Dhoni Migili,Proposed / Pipeline,N,2.87264,3.958953,72.912712
LD0257,AA,Alifu Alifu,Rasdhoo,ރަސްދޫ,Residential Island,AA. Rasdhoo Council,Island Council,,,Y,21.825808,4.263125,72.991681
LD0501,AA,Alifu Alifu,Thoddoo,ތޮއްޑޫ,Residential Island,AA. Thoddoo Council,Island Council,,,N,162.847076,4.437064,72.959360
LD0916,AA,Alifu Alifu,Ukulhas,އުކުޅަސް,Residential Island,AA. Ukulhas Council,Island Council,,,N,23.749664,4.214916,72.864141
LD0411,AA,Alifu Alifu,Velidhoo,ވެލިދޫ,Tourism Island,,,Velidhoo Island Resort,Proposed / Pipeline,N,9.692194,4.194624,72.819033
LD0727,AA,Alifu Alifu,Velifinolhu,ވެލިފިނޮޅު,Uninhabited Island,,,,,N,1.168185,4.293571,73.009676
LD0807,AA,Alifu Alifu,Veligan'du,ވެލިގަނޑު,Tourism Island,,,Veligandu Maldives Resort Island,Operating,N,6.596679,4.298686,73.011356
LD0099,AA,Alifu Alifu,Vihamaafaru,ވިހާމާފަރު,Uninhabited Island,,,,,N,3.158646,4.122224,72.745925
LD1342,AA,Alifu Alifu,,,Uninhabited Island,,,,,N,0.536076,4.119703,72.941757
LD1343,AA,Alifu Alifu,,,Uninhabited Island,,,,,N,0.653644,3.952566,72.946983
LD1346,AA,Alifu Alifu,,,Uninhabited Island,,,,,N,0.0341,4.182513,72.766444
LD1455,AA,Alifu Alifu,,,Uninhabited Island,,,,,N,0.336669,4.281055,73.007991
LD1456,AA,Alifu Alifu,,,Uninhabited Island,,,,,N,0.106947,4.275071,73.003984
LD1577,AA,Alifu Alifu,,,Uninhabited Island,,,,,N,0.213536,4.116169,72.932634
LD1578,AA,Alifu Alifu,,,Uninhabited Island,,,,,N,0.061524,4.192979,72.813406
LD1579,AA,Alifu Alifu,,,Uninhabited Island,,,,,N,0.390946,3.998527,72.948387
LD1580,AA,Alifu Alifu,,,Uninhabited Island,,,,,N,0.095635,4.176690,72.760964
LD1581,AA,Alifu Alifu,,,Uninhabited Island,,,,,N,0.166739,3.924267,72.743217
LD1582,AA,Alifu Alifu,,,Uninhabited Island,,,,,N,0.82764,4.083680,72.909176
LD1583,AA,Alifu Alifu,,,Uninhabited Island,,,,,N,0.087415,3.969887,72.774802
LD0316,ADh,Alifu Dhaalu,Angaagau,އަންގާގައު,Tourism Island,,,Angaga Island Resort and Spa,Operating,N,4.638032,3.652165,72.821979
LD0021,ADh,Alifu Dhaalu,Ariyadhoo,އަރިޔަދޫ,Industrial Island,,,,,N,27.723512,3.475168,72.855089
LD1505,ADh,Alifu Dhaalu,Athulivarufinolhu,އަތުލިވަރުފިނޮޅު,Uninhabited Island,,,,,N,0.095647,3.647827,72.955700
LD1147,ADh,Alifu Dhaalu,Athurugau,އަތުރުގައު,Tourism Island,,,Diamonds Athuruga Beach & Water Villas,Operating,N,3.132407,3.887202,72.816143
LD0220,ADh,Alifu Dhaalu,Bodufinolhu,ބޮޑުފިނޮޅު,Tourism Island,,,Melia Whale Lagoon Maldives,Operating,N,8.255198,3.495231,72.760589
LD0126,ADh,Alifu Dhaalu,Bodukaashihuraa,ބޮޑުކާށިހުރާ,Uninhabited Island,,,,,N,2.2305,3.876181,72.954633
LD0583,ADh,Alifu Dhaalu,Bulhalhohi,ބުޅަލްހޮހި,Uninhabited Island,,,,,N,3.026797,3.738924,72.731854
LD0273,ADh,Alifu Dhaalu,Dhangethi,ދަނގެތި,Residential Island,ADh. Dhangethi Council,Island Council,,,N,30.166662,3.607647,72.956038
LD0080,ADh,Alifu Dhaalu,Dhiffushi,ދިއްފުށި,Tourism Island,,,Holiday Island,Proposed / Pipeline,N,16.468478,3.475304,72.824861
LD0120,ADh,Alifu Dhaalu,Dhiggiri,ދިއްގިރި,Uninhabited Island,,,,,N,0.632499,3.858384,72.914782
LD1047,ADh,Alifu Dhaalu,Dhigurah,ދިގުރަށް,Residential Island,ADh. Dhigurah Council,Island Council,,,N,55.048316,3.527893,72.923860
LD0459,ADh,Alifu Dhaalu,Dhidhdhoo,ދިއްދޫ,Residential Island,ADh. Dhidhdhoo Council,Island Council,,Proposed / Pipeline,N,20.305146,3.484571,72.878610
LD1007,ADh,Alifu Dhaalu,Dhihdhoofinolhu,ދިއްދޫފިނޮޅު,Tourism Island,,,"Lux* South Ari Atoll, Maldives",Operating,N,17.553549,3.498589,72.896664
LD0784,ADh,Alifu Dhaalu,En'boodhoo,އެނބޫދޫ,Uninhabited Island,,,,,N,1.997857,3.815180,72.752409
LD0513,ADh,Alifu Dhaalu,Fenfushi,ފެންފުށި,Residential Island,ADh. Fenfushi Council,Island Council,,,N,25.640855,3.489172,72.782986
,ADh,Alifu Dhaalu,Finolhu,ފިނޮޅު,Tourism Island,,,,Proposed / Pipeline,N,<3.0,3.555556,72.868056
LD1131,ADh,Alifu Dhaalu,Fushidhigga,ފުށިދިއްގާ,Uninhabited Island,,,,,N,2.019956,3.757917,72.770578
LD1023,ADh,Alifu Dhaalu,Hangnaameedhoo,ހަންގްޏާމީދޫ,Residential Island,ADh. Hangnaameedhoo Council,Island Council,,,N,20.310461,3.849286,72.955337
LD0452,ADh,Alifu Dhaalu,Heenfaru,ހީންފަރު,Tourism Island,,,,Proposed / Pipeline,N,0.832499,3.819263,72.829061
LD1102,ADh,Alifu Dhaalu,Hiyafushi,ހިޔަފުށި,Uninhabited Island,,,,,N,1.056135,3.479413,72.870534
LD1093,ADh,Alifu Dhaalu,Hukurudhoo,ހުކުރުދޫ,Industrial Island,,,,,N,14.118336,3.570346,72.718695
LD0165,ADh,Alifu Dhaalu,Hurasdhoo,ހުރަސްދޫ,Uninhabited Island,,,,,N,2.846073,3.666942,72.774767
LD0388,ADh,Alifu Dhaalu,Huruelhi,ހުރުއެޅި,Tourism Island,,,Radisson Blu Resort Maldives,Operating,N,7.205173,3.544191,72.719594
LD0419,ADh,Alifu Dhaalu,Huvahendhoo,ހުވަހެންދޫ,Tourism Island,,,Lily Beach Resort,Operating,N,6.041932,3.653722,72.953834
LD0089,ADh,Alifu Dhaalu,Innafushi,އިންނަފުށި,Tourism Island,,,,Proposed / Pipeline,N,3.415437,3.797772,72.732435
LD0782,ADh,Alifu Dhaalu,Kalhahan'dhihuraa,ކަޅަހަންދިހުރާ,Uninhabited Island,,,,,N,1.214197,3.798097,72.710743
LD0641,ADh,Alifu Dhaalu,Kudadhoo,ކުޑަދޫ,Uninhabited Island,,,,,N,0.224522,3.479201,72.871894
LD0581,ADh,Alifu Dhaalu,Kudarah,ކުޑަރަށް,Tourism Island,,,nH Maldives Kuda Rah Resort,Operating,N,4.267973,3.573934,72.910762
LD0771,ADh,Alifu Dhaalu,Kunburudhoo,ކުންބުރުދޫ,Residential Island,ADh. Kunburudhoo Council,Island Council,,,N,6.507178,3.775472,72.924721
LD0966,ADh,Alifu Dhaalu,Lonuboi,ލޮނުބޮއި,Tourism Island,,,,Proposed / Pipeline,N,1.197831,3.603242,72.900911
LD1176,ADh,Alifu Dhaalu,Maafushivaru,މާފުށިވަރު,Tourism Island,,,Outrigger Maldives Maafushivaru Resort,Operating,N,3.184805,3.607921,72.900254
LD0158,ADh,Alifu Dhaalu,Maamigili,މާމިނގިލި,Residential Island,ADh. Maamigili Council,Island Council,,,N,220.80777,3.474846,72.833061
LD1062,ADh,Alifu Dhaalu,Machchafushi,މަޗްޗަފުށި,Tourism Island,,,"Machchafushi Island Resort & Spa Maldives, The Centara Collection",Operating,N,4.637307,3.593849,72.883529
LD0545,ADh,Alifu Dhaalu,Mahibadhoo,މަހިބަދޫ,Residential Island,ADh. Mahibadhoo Council,Island Council,,,Y,23.598404,3.757158,72.968918
LD0168,ADh,Alifu Dhaalu,Mandhoo,މަންދޫ,Residential Island,ADh. Mandhoo Council,Island Council,,,N,38.501574,3.697860,72.709786
LD0461,ADh,Alifu Dhaalu,Mirihi,މިރިހި,Tourism Island,,,V Villas Maldives at Mirihi-Mgallery Collection,Operating,N,3.640979,3.619597,72.780561
LD0900,ADh,Alifu Dhaalu,Moofushi,މޫފުށި,Tourism Island,,,Constance Moofushi Resort,Operating,N,7.644527,3.885073,72.726440
LD0725,ADh,Alifu Dhaalu,Nalaguraidhoo,ނަލަގުރައިދޫ,Tourism Island,,,Villa Park Sun Island,Operating,N,55.044026,3.483260,72.802165
LD0009,ADh,Alifu Dhaalu,Omadhoo,އޮމަދޫ,Residential Island,ADh. Omadhoo Council,Island Council,,,N,22.822959,3.791618,72.962065
LD1337,ADh,Alifu Dhaalu,Ranfinolhu,ރަންފިނޮޅު,Uninhabited Island,,,,,N,3.116504,3.610921,72.727430
LD0170,ADh,Alifu Dhaalu,Rangaleefinolhu,ރަންގަލީފިނޮޅު,Tourism Island,,,Conrad Maldives Rangali Island,Operating,N,9.018633,3.616439,72.715729
LD0214,ADh,Alifu Dhaalu,Rangali,ރަންގަލި,Tourism Island,,,Conrad Maldives Rangali Island,Proposed / Pipeline,N,11.262342,3.618229,72.723363
LD0175,ADh,Alifu Dhaalu,Theluveligaa,ތެލުވެލިގާ,Tourism Island,,,Drift Theluveliga Retreat,Operating,N,1.408792,3.669839,72.902612
LD0529,ADh,Alifu Dhaalu,Tholhifushi,ތޮޅިފުށި,Tourism Island,,,,Proposed / Pipeline,N,2.667914,3.485040,72.789919
LD1198,ADh,Alifu Dhaalu,Thun'dufushi,ތުންޑުފުށި,Tourism Island,,,Diamonds Thudufushi Beach and Water Villas,Operating,N,3.844039,3.786235,72.730668
LD0610,ADh,Alifu Dhaalu,Vakarufalhi,ވަކަރުފަޅި,Tourism Island,,,Nova Maldives,Operating,N,5.506369,3.578718,72.902185
LD0263,ADh,Alifu Dhaalu,Vilamendhoo,ވިލަމެންދޫ,Tourism Island,,,Vilamendhoo Island Resort,Operating,N,11.413981,3.633767,72.958641
LD1010,ADh,Alifu Dhaalu,Vilin'gilivaru,ވިލިނގިލިވަރު,Tourism Island,,,Ranveli Village,Proposed / Pipeline,N,3.245918,3.619031,72.955134
LD0364,ADh,Alifu Dhaalu,,,Uninhabited Island,,,,,N,0.310977,3.768128,72.971236
LD0579,ADh,Alifu Dhaalu,,,Uninhabited Island,,,,,N,0.033584,3.756495,72.964476
LD1336,ADh,Alifu Dhaalu,,,Uninhabited Island,,,,,N,0.037286,3.591447,72.866977
LD1338,ADh,Alifu Dhaalu,,,Uninhabited Island,,,,,N,1.437275,3.709229,72.789488
LD1339,ADh,Alifu Dhaalu,,,Uninhabited Island,,,,,N,0.012406,3.866255,72.743823
LD1340,ADh,Alifu Dhaalu,,,Uninhabited Island,,,,,N,0.611083,3.889770,72.889662
LD1341,ADh,Alifu Dhaalu,,,Uninhabited Island,,,,,N,0.039653,3.902452,72.897859
LD1348,ADh,Alifu Dhaalu,,,Uninhabited Island,,,,,N,0.035181,3.855971,72.940761
LD1350,ADh,Alifu Dhaalu,,,Uninhabited Island,,,,,N,0.077349,3.715113,72.980091
LD1351,ADh,Alifu Dhaalu,,,Uninhabited Island,,,,,N,0.133018,3.700074,72.979598
LD1584,ADh,Alifu Dhaalu,,,Uninhabited Island,,,,,N,0.218161,3.633654,72.963828
LD1585,ADh,Alifu Dhaalu,,,Uninhabited Island,,,,,N,2.742197,3.851598,72.741642
LD1586,ADh,Alifu Dhaalu,,,Uninhabited Island,,,,,N,0.197896,3.628770,72.959528
LD1587,ADh,Alifu Dhaalu,,,Uninhabited Island,,,,,N,0.184481,3.628816,72.958845
LD1588,ADh,Alifu Dhaalu,,,Uninhabited Island,,,,,N,0.737356,3.609863,72.917257
LD1589,ADh,Alifu Dhaalu,,,Uninhabited Island,,,,,N,0.072721,3.539002,72.831228
LD1590,ADh,Alifu Dhaalu,,,Uninhabited Island,,,,,N,0.044634,3.530266,72.883739
LD1591,ADh,Alifu Dhaalu,,,Uninhabited Island,,,,,N,0.060887,3.552564,72.892604
LD1592,ADh,Alifu Dhaalu,,,Uninhabited Island,,,,,N,0.354027,3.573954,72.867514
LD1593,ADh,Alifu Dhaalu,,,Uninhabited Island,,,,,N,0.019219,3.603074,72.815829
LD1594,ADh,Alifu Dhaalu,,,Uninhabited Island,,,,,N,0.21683,3.611877,72.940753
LD1595,ADh,Alifu Dhaalu,,,Uninhabited Island,,,,,N,0.128113,3.788820,72.725607
LD1596,ADh,Alifu Dhaalu,,,Uninhabited Island,,,,,N,0.013618,3.611684,72.958428
LD1597,ADh,Alifu Dhaalu,,,Uninhabited Island,,,,,N,0.008004,3.611560,72.957915
LD1598,ADh,Alifu Dhaalu,,,Uninhabited Island,,,,,N,0.169358,3.757203,72.973925
LD1599,ADh,Alifu Dhaalu,,,Uninhabited Island,,,,,N,0.565432,3.487868,72.802039
LD1600,ADh,Alifu Dhaalu,,,Uninhabited Island,,,,,N,0.218066,3.487076,72.793299
LD1601,ADh,Alifu Dhaalu,,,Uninhabited Island,,,,,N,0.04928,3.477544,72.871132
LD1602,ADh,Alifu Dhaalu,,,Uninhabited Island,,,,,N,0.196976,3.592327,72.881298
LD1603,ADh,Alifu Dhaalu,,,Uninhabited Island,,,,,N,0.114415,3.878718,72.731687
LD1604,ADh,Alifu Dhaalu,,,Uninhabited Island,,,,,N,0.067134,3.485661,72.792910
LD1605,ADh,Alifu Dhaalu,,,Uninhabited Island,,,,,N,0.055949,3.486559,72.794004
LD1606,ADh,Alifu Dhaalu,,,Uninhabited Island,,,,,N,0.052145,3.515272,72.916612
LD1607,ADh,Alifu Dhaalu,,,Uninhabited Island,,,,,N,0.054962,3.515289,72.916256
LD0051,V,Vaavu,Aarah,އާރަށް,Tourism Island,,,Cinnamon Velifushi Maldives,Operating,N,2.993424,3.499307,73.530110
LD0148,V,Vaavu,Alimathaa,އަލިމަތާ,Tourism Island,,,Alimatha Aquatic Resort,Operating,N,7.879027,3.593726,73.498036
LD1043,V,Vaavu,Anbaraa,އަންބަރާ,Tourism Island,,,,Proposed / Pipeline,N,1.985168,3.372275,73.439301
LD0813,V,Vaavu,Bodumohoraa,ބޮޑުމޮހޮރާ,Tourism Island,,,,Proposed / Pipeline,N,6.838834,3.343192,73.520569
LD0267,V,Vaavu,Dhiggiri,ދިއްގިރި,Tourism Island,,,Dhiggiri Tourist Resort,Operating,N,2.632389,3.645005,73.487168
LD0075,V,Vaavu,Felidhoo,ފެލިދޫ,Residential Island,V. Felidhoo Council,Island Council,,,Y,15.75044,3.471967,73.547076
LD0935,V,Vaavu,Fohtheyobodufushi,ފޮއްތެޔޮބޮޑުފުށި,Tourism Island,,,,Proposed / Pipeline,N,13.315224,3.455315,73.758000
LD0182,V,Vaavu,Fulidhoo,ފުލިދޫ,Residential Island,V. Fulidhoo Council,Island Council,,,N,11.910502,3.680433,73.415670
,V,Vaavu,Hin'gaakulheefinolhu,ހިންގާކުޅީފިނޮޅު,Tourism Island,,,,Proposed / Pipeline,N,<3.0,3.358333,73.582778
LD0117,V,Vaavu,Hulhidhoo,ހުޅިދޫ,Industrial Island,,,,,N,2.607093,3.493364,73.532788
LD0260,V,Vaavu,Keyodhoo,ކެޔޮދޫ,Residential Island,V. Keyodhoo Council,Island Council,,,N,11.821327,3.462109,73.550092
LD0604,V,Vaavu,Kuda anbaraa,ކުޑަ އަންބަރާ,Uninhabited Island,,,,,N,0.406302,3.427032,73.424724
LD1360,V,Vaavu,Kudamohoraa,ކުޑަމޮހޮރާ,Uninhabited Island,,,,,N,0.352168,3.341979,73.510666
LD1148,V,Vaavu,Kudhiboli,ކުދިބޮލި,Tourism Island,,,Nooe Maldives Kunavashi,Operating,N,1.999378,3.636674,73.365168
LD0420,V,Vaavu,Rakeedhoo,ރަކީދޫ,Residential Island,V. Rakeedhoo Council,Island Council,,,N,6.417948,3.314903,73.469727
LD0682,V,Vaavu,Ruh hurihuraa,ރުއްހުރިހުރާ,Uninhabited Island,,,,,N,0.567421,3.361260,73.499943
LD1079,V,Vaavu,Thinadhoo,ތިނަދޫ,Residential Island,V. Thinadhoo Council,Island Council,,,N,12.490236,3.487716,73.538300
LD0079,V,Vaavu,Thun'duhuraa,ތުންޑުހުރާ,Uninhabited Island,,,,,N,0.087086,3.342659,73.506201
LD1026,V,Vaavu,Vashugiri,ވަށުގިރި,Tourism Island,,,Cocogiri Island Resort,Operating,N,0.600103,3.629979,73.377420
LD1099,V,Vaavu,Vattaru,ވައްޓަރު,Uninhabited Island,,,,,N,1.999962,3.221941,73.426451
LD1157,V,Vaavu,,,Uninhabited Island,,,,,N,1.129195,3.358896,73.579784
LD1362,V,Vaavu,,,Uninhabited Island,,,,,N,0.27236,3.454244,73.324847
LD1363,V,Vaavu,,,Uninhabited Island,,,,,N,1.231497,3.481590,73.703456
LD1364,V,Vaavu,,,Uninhabited Island,,,,,N,0.214282,3.485453,73.527504
LD1365,V,Vaavu,,,Uninhabited Island,,,,,N,0.421193,3.560059,73.497483
LD1366,V,Vaavu,,,Uninhabited Island,,,,,N,0.618628,3.551519,73.499894
LD1367,V,Vaavu,,,Uninhabited Island,,,,,N,0.135712,3.545388,73.504397
LD1368,V,Vaavu,,,Uninhabited Island,,,,,N,0.078823,3.513983,73.521792
LD1369,V,Vaavu,,,Uninhabited Island,,,,,N,0.023169,3.384622,73.462570
LD1370,V,Vaavu,,,Uninhabited Island,,,,,N,0.050369,3.396462,73.446801
LD1371,V,Vaavu,,,Uninhabited Island,,,,,N,0.20625,3.387730,73.437471
LD1506,V,Vaavu,,,Uninhabited Island,,,,,N,0.027217,3.409689,73.387028
LD1608,V,Vaavu,,,Uninhabited Island,,,,,N,0.584963,3.415662,73.398094
LD1609,V,Vaavu,,,Uninhabited Island,,,,,N,0.011909,3.622776,73.470000
LD1610,V,Vaavu,,,Uninhabited Island,,,,,N,0.53155,3.361953,73.648306
LD1611,V,Vaavu,,,Uninhabited Island,,,,,N,0.681543,3.360010,73.641003
LD1612,V,Vaavu,,,Uninhabited Island,,,,,N,0.027272,3.500184,73.521434
LD1613,V,Vaavu,,,Uninhabited Island,,,,,N,0.123521,3.623489,73.501607
LD1614,V,Vaavu,,,Uninhabited Island,,,,,N,0.043758,3.625803,73.499799
LD1615,V,Vaavu,,,Uninhabited Island,,,,,N,0.124818,3.618914,73.369125
LD1616,V,Vaavu,,,Uninhabited Island,,,,,N,0.010009,3.613578,73.367113
LD1617,V,Vaavu,,,Uninhabited Island,,,,,N,0.022067,3.529094,73.304240
LD1618,V,Vaavu,,,Uninhabited Island,,,,,N,0.139513,3.527386,73.307620
LD1619,V,Vaavu,,,Uninhabited Island,,,,,N,0.209108,3.513054,73.286001
LD1620,V,Vaavu,,,Uninhabited Island,,,,,N,0.047649,3.433290,73.422343
LD1621,V,Vaavu,,,Uninhabited Island,,,,,N,0.047716,3.429671,73.405457
LD1622,V,Vaavu,,,Uninhabited Island,,,,,N,0.035598,3.378228,73.429813
LD1623,V,Vaavu,,,Uninhabited Island,,,,,N,0.014576,3.507618,73.284123
LD1624,V,Vaavu,,,Uninhabited Island,,,,,N,0.076496,3.635327,73.369741
LD0554,M,Meemu,Boahuraa,ބޯހުރާ,Tourism Island,,,,Proposed / Pipeline,N,1.999513,2.925901,73.585513
LD1108,M,Meemu,Bodukan'duhuraa,ބޮޑުކަނޑުހުރާ,Uninhabited Island,,,,,N,0.377214,2.824889,73.369105
LD1112,M,Meemu,Dhekunuboduveli,ދެކުނުބޮޑުވެލި,Tourism Island,,,,Proposed / Pipeline,N,5.465303,2.825834,73.452234
LD0179,M,Meemu,Dhiggaru,ދިއްގަރު,Residential Island,M. Dhiggaru Council,Island Council,,,N,14.454305,3.111887,73.565232
LD0684,M,Meemu,Dhihthun'di,ދިހްތުންޑި,Uninhabited Island,,,,,N,10.124715,2.766162,73.420912
LD0445,M,Meemu,Erruh-huraa,އެއްރުއްހުރާ,Uninhabited Island,,,,,N,1.010406,3.070030,73.642059
LD0830,M,Meemu,Etherefasgan'du,އެތެރެފަސްގަނޑު,Uninhabited Island,,,,,N,0.605182,2.778868,73.417854
LD1471,M,Meemu,Fenfuraaveli,ފެންފުރާވެލި,Industrial Island,,,,,N,19.471817,2.788072,73.426977
LD0274,M,Meemu,Gaakurali,ގާކުރަޅި,Industrial Island,,,,,N,13.490571,2.780406,73.372319
LD0045,M,Meemu,Gasveli,ގަސްވެލި,Tourism Island,,,,Proposed / Pipeline,N,7.189246,2.818700,73.443796
LD0033,M,Meemu,Gongalihuraa,ގޮނގަލިހުރާ,Uninhabited Island,,,,,N,0.438134,2.853970,73.550908
LD0322,M,Meemu,Hakuraahuraa,ހަކުރާހުރާ,Tourism Island,,,Cinnamon Hakuraa Huraa Maldives,Operating,N,7.259585,2.854860,73.538421
LD1009,M,Meemu,Hudhuveli,ހުދުވެލި,Uninhabited Island,,,,,N,0.113584,3.036379,73.619547
LD0876,M,Meemu,Hurasveli,ހުރަސްވެލި,Tourism Island,,,,Proposed / Pipeline,N,0.942755,3.019031,73.617887
LD0064,M,Meemu,Kekuraalhuveli,ކެކުރާޅުވެލި,Uninhabited Island,,,,,N,3.540362,2.852712,73.535108
LD0659,M,Meemu,Kekuraalhuveli,ކެކުރާޅުވެލި,Tourism Island,,,,Proposed / Pipeline,N,0.67539,2.829995,73.458560
LD0061,M,Meemu,Kolhufushi,ކޮޅުފުށި,Residential Island,M. Kolhufushi Council,Island Council,,,N,64.590007,2.776974,73.424314
LD0711,M,Meemu,Kuda usfushi,ކުޑަ އުސްފުށި,Tourism Island,,,,Proposed / Pipeline,N,10.165884,2.804158,73.433550
LD1199,M,Meemu,Kuradhigan'du,ކުރަދިގަނޑު,Uninhabited Island,,,,,N,0.824179,2.774146,73.372484
LD0827,M,Meemu,Maa usfushi,މާ އުސްފުށި,Tourism Island,,,,Proposed / Pipeline,N,9.496443,2.798231,73.432040
LD0289,M,Meemu,Maahuraa,މާހުރާ,Uninhabited Island,,,,,N,4.847474,2.793576,73.428351
LD0186,M,Meemu,Maalhaveli,މާޅަވެލި,Uninhabited Island,,,,,N,0.530223,2.904555,73.578957
LD0764,M,Meemu,Madifushi,މަޑިފުށި,Tourism Island,,,Madifushi Private Island,Operating,N,13.266591,3.081136,73.638108
LD1166,M,Meemu,Maduvvari,މަޑުއްވަރި,Residential Island,M. Maduvvari Council,Island Council,,,N,12.121939,3.104866,73.573081
LD0206,M,Meemu,Medhufushi,މެދުފުށި,Tourism Island,,,Medhufushi Island Resort,Operating,N,10.024737,2.886313,73.575547
LD0531,M,Meemu,Mulah,މުލައް,Residential Island,M. Mulah Council,Island Council,,,N,68.333346,2.946601,73.584396
LD0446,M,Meemu,Muli,މުލި,Residential Island,M. Muli Council,Island Council,,,Y,77.26488,2.918047,73.581086
LD0793,M,Meemu,Naalaafushi,ނާލާފުށި,Residential Island,M. Naalaafushi Council,Island Council,,,N,12.945342,2.895363,73.577423
LD1150,M,Meemu,Raaban'dhihuraa,ރާބަންދިހުރާ,Uninhabited Island,,,,,N,1.354704,3.091949,73.388897
LD0786,M,Meemu,Raiymandhoo,ރައިމަންދޫ,Residential Island,M. Raiymandhoo Council,Island Council,,,N,28.387081,3.089409,73.639112
LD0523,M,Meemu,Seedheehuraa,ސީދީހުރާ,Tourism Island,,,,Proposed / Pipeline,N,1.609742,2.858381,73.556517
LD0437,M,Meemu,Seedheehuraa veligan'du,ސީދީހުރާ ވެލިގަނޑު,Tourism Island,,,,Proposed / Pipeline,N,2.081387,2.860334,73.554549
LD1072,M,Meemu,Thuvaru,ތުވަރު,Industrial Island,,,,,N,14.104491,2.898399,73.379413
LD1466,M,Meemu,Thuvaru Uthuruhuraa,ތުވަރުއުތުރުހުރާ,Uninhabited Island,,,,,N,0.240733,2.946704,73.376771
LD0986,M,Meemu,Uthuruboduveli,އުތުރުބޮޑުވެލި,Tourism Island,,,,Proposed / Pipeline,N,4.42795,3.025851,73.617548
LD0565,M,Meemu,Uthurugaseveli,އުތުރުގަސްވެލި,Tourism Island,,,,Proposed / Pipeline,N,1.532966,3.030794,73.618780
LD1110,M,Meemu,Vannanerufasgan'du,ވަންނަނެރުފަސްގަނޑު,Uninhabited Island,,,,,N,0.440182,2.780886,73.410222
LD1167,M,Meemu,Veyvah,ވޭވަށް,Residential Island,M. Veyvah Council,Island Council,,,N,42.069185,2.956284,73.599881
LD0176,M,Meemu,,,Uninhabited Island,,,,,N,0.057791,3.019006,73.379684
LD0294,M,Meemu,,,Uninhabited Island,,,,,N,0.075365,2.784922,73.369416
LD0498,M,Meemu,,,Uninhabited Island,,,,,N,0.220431,3.055993,73.378146
LD0587,M,Meemu,,,Uninhabited Island,,,,,N,0.045508,2.809733,73.367964
LD0625,M,Meemu,,,Uninhabited Island,,,,,N,0.029252,2.831511,73.369731
LD0892,M,Meemu,,,Uninhabited Island,,,,,N,0.147651,2.989718,73.378790
LD0920,M,Meemu,,,Uninhabited Island,,,,,N,0.215961,3.063199,73.378027
LD0934,M,Meemu,,,Uninhabited Island,,,,,N,0.153259,3.025348,73.379223
LD0967,M,Meemu,,,Uninhabited Island,,,,,N,0.134429,2.787106,73.369038
LD1059,M,Meemu,,,Uninhabited Island,,,,,N,0.119238,2.789877,73.369317
LD1067,M,Meemu,,,Uninhabited Island,,,,,N,0.611643,2.903799,73.570772
LD1116,M,Meemu,,,Uninhabited Island,,,,,N,0.04211,2.829036,73.369234
LD1372,M,Meemu,,,Uninhabited Island,,,,,N,0.057618,3.090415,73.626359
LD1379,M,Meemu,,,Uninhabited Island,,,,,N,0.266478,2.779992,73.370629
LD1460,M,Meemu,,,Uninhabited Island,,,,,N,0.017357,3.019333,73.380223
LD1625,M,Meemu,,,Uninhabited Island,,,,,N,0.431233,3.035561,73.620294
LD1626,M,Meemu,,,Uninhabited Island,,,,,N,0.063495,2.832049,73.460882
LD1627,M,Meemu,,,Uninhabited Island,,,,,N,0.062197,2.831642,73.459128
LD1628,M,Meemu,,,Uninhabited Island,,,,,N,0.547387,3.104359,73.581555
LD1629,M,Meemu,,,Uninhabited Island,,,,,N,0.156129,3.096307,73.622590
LD1630,M,Meemu,,,Uninhabited Island,,,,,N,0.348916,3.080824,73.623463
LD1631,M,Meemu,,,Uninhabited Island,,,,,N,0.564747,3.081478,73.627630
LD1632,M,Meemu,,,Uninhabited Island,,,,,N,0.129,3.090952,73.620216
LD1633,M,Meemu,,,Uninhabited Island,,,,,N,0.072696,3.083924,73.636830
LD1634,M,Meemu,,,Uninhabited Island,,,,,N,0.033381,3.084070,73.635382
LD1635,M,Meemu,,,Uninhabited Island,,,,,N,0.054659,3.083873,73.634877
LD1636,M,Meemu,,,Uninhabited Island,,,,,N,0.078328,3.079233,73.647641
LD1637,M,Meemu,,,Uninhabited Island,,,,,N,0.021695,3.033819,73.618554
LD1638,M,Meemu,,,Uninhabited Island,,,,,N,0.236986,2.779905,73.418774
LD0013,F,Faafu,Adhangau,އަދަންގައު,Uninhabited Island,,,,,N,1.425317,3.138692,73.008297
LD0606,F,Faafu,Bileiydhoo,ބިލެތްދޫ,Residential Island,F. Bileiydhoo Council,Island Council,,,N,31.589802,3.118372,72.983999
LD0970,F,Faafu,Dharanboodhoo,ދަރަންބޫދޫ,Residential Island,F. Dharanboodhoo Council,Island Council,,,N,40.079694,3.062959,72.925724
LD0233,F,Faafu,Dhiguvarufinolhu,ދިގުވަރުފިނޮޅު,Uninhabited Island,,,,,N,0.700645,3.246594,73.025186
LD0826,F,Faafu,En'bulufushi,އެންބުލުފުށި,Tourism Island,,,,Proposed / Pipeline,N,2.529832,3.133688,73.018111
LD1143,F,Faafu,Faanumaahuraa,ފާނުމާހުރާ,Uninhabited Island,,,,,N,0.28924,3.213140,72.982024
LD0008,F,Faafu,Feeali,ފީއަލި,Residential Island,F. Feeali Council,Island Council,,,N,17.678783,3.269969,73.001745
LD0819,F,Faafu,Filitheyo,ފިލިތެޔޮ,Tourism Island,,,Filitheyo Island Resort,Operating,N,21.023546,3.213168,73.036940
LD1141,F,Faafu,Himithi,ހިމިތި,Tourism Island,,,,Proposed / Pipeline,N,15.650724,3.255376,72.818566
LD0845,F,Faafu,Jinnathugau,ޖިންނަތުގައު,Tourism Island,,,,Proposed / Pipeline,N,1.86062,3.200722,72.997975
LD1104,F,Faafu,Kan'dumoonufushi,ކަނޑުމޫނުފުށި,Uninhabited Island,,,,,N,1.08561,3.315278,72.897373
LD0925,F,Faafu,Maafushi,މާފުށި,Tourism Island,,,,Proposed / Pipeline,N,2.998066,3.243120,72.978547
LD1135,F,Faafu,Madivaruhuraa,މަޑިވަރުހުރާ,Uninhabited Island,,,,,N,0.126607,3.266804,73.010781
LD0085,F,Faafu,Magoodhoo,މަގޫދޫ,Residential Island,F. Magoodhoo Council,Island Council,,,N,24.594867,3.079179,72.963653
LD0349,F,Faafu,Magoodhoo bodufinolhu,މަގޫދޫ ބޮޑުފިނޮޅު,Uninhabited Island,,,,,N,0.237145,3.075278,72.956105
LD0752,F,Faafu,Makunueri,މަކުނުއެރި,Uninhabited Island,,,,,N,1.28063,3.258422,72.928769
LD0417,F,Faafu,Minimasgali,މިނިމަސްގަލި,Tourism Island,,,,Proposed / Pipeline,N,3.850819,3.242688,72.835618
LD1158,F,Faafu,Nilandhoo,ނިލަންދޫ,Residential Island,F. Nilandhoo Council,Island Council,,,Y,74.796714,3.057122,72.888814
LD0975,F,Faafu,Vilin'gilivarufinolhu,ވިލިނގިލިވަރުފިނޮޅު,Uninhabited Island,,,,,N,0.049682,3.274267,72.998879
LD0030,F,Faafu,,,Uninhabited Island,,,,,N,0.578235,3.061948,72.890271
LD1380,F,Faafu,,,Uninhabited Island,,,,,N,1.445184,3.151060,72.936721
LD1381,F,Faafu,,,Uninhabited Island,,,,,N,2.38963,3.286746,72.989457
LD1382,F,Faafu,,,Uninhabited Island,,,,,N,1.259547,3.165262,72.896356
LD1639,F,Faafu,,,Uninhabited Island,,,,,N,0.848071,3.190169,73.038844
LD1640,F,Faafu,,,Uninhabited Island,,,,,N,0.171324,3.191212,73.041246
LD1641,F,Faafu,,,Uninhabited Island,,,,,N,0.196943,3.170261,73.028146
LD1642,F,Faafu,,,Uninhabited Island,,,,,N,0.158149,3.140508,73.030401
LD1643,F,Faafu,,,Uninhabited Island,,,,,N,0.087275,3.090074,72.968935
LD1644,F,Faafu,,,Uninhabited Island,,,,,N,0.06442,3.093023,72.967549
LD1645,F,Faafu,,,Uninhabited Island,,,,,N,0.153476,3.097219,72.991852
LD1646,F,Faafu,,,Uninhabited Island,,,,,N,1.103373,3.148270,72.985203
LD1647,F,Faafu,,,Uninhabited Island,,,,,N,0.223937,3.221120,73.031634
LD1648,F,Faafu,,,Uninhabited Island,,,,,N,0.047257,3.220946,73.030091
LD0623,Dh,Dhaalu,Aluvifushi,އަލުވިފުށި,Tourism Island,,,Sun Siyam Iru Veli Maldives,Operating,N,8.73717,2.932967,72.959838
LD0107,Dh,Dhaalu,Ayyakaloahuraa,އައްޔަކަލޯހުރާ,Uninhabited Island,,,,,N,1.864155,2.790645,73.025775
LD0066,Dh,Dhaalu,Bandidhoo,ބަނޑިދޫ,Residential Island,Dh. Bandidhoo Council,Island Council,,,N,24.99915,2.936727,72.990241
LD1396,Dh,Dhaalu,Boarikifinolhu,ބޯރިކިފިނޮޅު,Tourism Island,,,,Proposed / Pipeline,N,0.090769,2.923286,72.970351
LD1106,Dh,Dhaalu,Bodufushi,ބޮޑުފުށި,Uninhabited Island,,,,,N,0.884948,2.702764,72.847463
LD0864,Dh,Dhaalu,Bulhalafushi,ބުޅަލަފުށި,Uninhabited Island,,,,,N,0.8935,2.806564,73.026061
LD0831,Dh,Dhaalu,Dhebaidhoo,ދެބައިދޫ,Uninhabited Island,,,,,N,6.804715,2.787403,73.025536
LD0448,Dh,Dhaalu,Dhoores,ދޫރެސް,Tourism Island,,,Yash Nature Resort,Operating,N,7.943607,2.917702,72.884150
LD0649,Dh,Dhaalu,En'boodhoofushi,އެނބޫދޫފުށި,Tourism Island,,,,Proposed / Pipeline,N,16.255436,2.677422,72.928284
LD0747,Dh,Dhaalu,Faandhoo,ފާންދޫ,Tourism Island,,,,Proposed / Pipeline,N,6.348475,2.962796,72.946841
LD0084,Dh,Dhaalu,Fenfushi,ފެންފުށި,Uninhabited Island,,,,,N,3.515438,2.801193,73.025924
,Dh,Dhaalu,Fenmeeruhuraa,ފެންމީރުހުރާ,Tourism Island,,,,Proposed / Pipeline,N,7.4,2.787222,73.025278
LD0521,Dh,Dhaalu,Gemendhoo,ގެމެންދޫ,Uninhabited Island,,,,,N,5.47541,2.797840,73.025442
LD0571,Dh,Dhaalu,Hinaidhoo,ހިނައިދޫ,Uninhabited Island,,,,,N,2.796903,2.803703,73.026176
LD0772,Dh,Dhaalu,Hiriyafushi,ހިރިޔަފުށި,Tourism Island,,,,Proposed / Pipeline,N,7.61906,2.711832,72.987802
LD0974,Dh,Dhaalu,Hudhufusheefinolhu,ހުދުފުށީފިނޮޅު,Uninhabited Island,,,,,N,0.62992,2.893572,72.905423
LD0662,Dh,Dhaalu,Hulhudheli,ހުޅުދެލި,Residential Island,Dh. Hulhudheli Council,Island Council,,,N,21.534249,2.858441,72.846504
LD0352,Dh,Dhaalu,Hulhuvahi,ހުޅުވަހި,Uninhabited Island,,,,,N,3.919947,2.856449,73.024867
LD0171,Dh,Dhaalu,Issari,އިއްސަރި,Uninhabited Island,,,,,N,1.769114,2.706548,72.982549
LD0400,Dh,Dhaalu,Kan'dinmaa,ކަނޑިންމާ,Tourism Island,,,Kandima Maldives,Operating,N,43.750083,2.740378,73.015406
LD0755,Dh,Dhaalu,Kanneiyfaru,ކަންނެއިފަރު,Uninhabited Island,,,,,N,1.360496,2.924141,73.027176
LD0104,Dh,Dhaalu,Kedhigan'du,ކެދިގަނޑު,Tourism Island,,,Riu Atoll and Riu Palace Maldivas,Operating,N,5.376423,2.696397,72.851130
LD0312,Dh,Dhaalu,Kiraidhoo,ކިރައިދޫ,Uninhabited Island,,,,,N,8.192559,2.780434,73.025092
LD0499,Dh,Dhaalu,Kudahuvadhoo,ކުޑަހުވަދޫ,Residential Island,Dh. Kudahuvadhoo Council,Island Council,,,Y,165.579649,2.670137,72.888856
LD1133,Dh,Dhaalu,Kudathilabolhufushi,ކުޑަތިލަބޮޅުފުށި,Uninhabited Island,,,,,N,1.013738,2.756715,73.022985
LD0636,Dh,Dhaalu,Lhohi,ޅޮހި,Industrial Island,,,,,N,6.14947,2.957006,72.985411
LD0741,Dh,Dhaalu,Maadheli,މާދެލި,Uninhabited Island,,,,,N,23.193398,2.884167,72.837522
LD0209,Dh,Dhaalu,Maaenboodoo,މާއެނބޫދޫ,Residential Island,Dh. Maaenboodoo Council,Island Council,,,N,24.033801,2.695763,72.963418
LD0338,Dh,Dhaalu,Maafushi,މާފުށި,Tourism Island,,,,Proposed / Pipeline,N,12.671496,2.688149,72.859167
LD1188,Dh,Dhaalu,Maagau,މާގައު,Tourism Island,,,Baglioni Resort Maldives,Operating,N,7.335599,2.947653,72.914595
LD0957,Dh,Dhaalu,Maalefaru,މާލެފަރު,Uninhabited Island,,,,,N,0.97962,2.882059,73.025673
LD1050,Dh,Dhaalu,Meedhoo,މީދޫ,Residential Island,Dh. Meedhoo Council,Island Council,,,N,32.553442,2.998036,73.007279
LD0337,Dh,Dhaalu,Meedhuffushi,މީދުއްފުށި,Tourism Island,,,Sun Siyam Vilu Reef Maldives,Operating,N,6.936056,3.003214,73.000386
LD1077,Dh,Dhaalu,Minimasgali,މިނިމަސްގަލި,Uninhabited Island,,,,,N,4.641304,2.750282,72.887537
LD0688,Dh,Dhaalu,Olhufushi,އޮޅުފުށި,Uninhabited Island,,,,,N,1.437177,2.813685,73.026430
LD0932,Dh,Dhaalu,Olhuveli,އޮޅުވެލި,Tourism Island,,,Niyama Maldives,Operating,N,11.750496,2.682245,72.934459
LD0334,Dh,Dhaalu,Rinbudhoo,ރިނބުދޫ,Residential Island,Dh. Rinbudhoo Council,Island Council,,,N,17.29024,2.924517,72.895409
LD1395,Dh,Dhaalu,Sarakafushi,ސަރަކަފުށި,Uninhabited Island,,,,,N,0.887708,2.922909,72.961261
,Dh,Dhaalu,Thaban'lhaidhoo,ތަބަންޅައިދޫ,Tourism Island,,,,Proposed / Pipeline,N,5.4,2.797778,73.025278
LD0673,Dh,Dhaalu,Than'balhaidhoo,ތަނބަޅައިދޫ,Uninhabited Island,,,,,N,5.225725,2.793915,73.025709
LD0503,Dh,Dhaalu,Thilabolhufushi,ތިލަބޮޅުފުށި,Uninhabited Island,,,,,N,4.526959,2.755715,73.022057
LD0697,Dh,Dhaalu,Thinhuraa,ތިންހުރާ,Uninhabited Island,,,,,N,6.052254,2.767114,73.023684
LD0530,Dh,Dhaalu,Udhoo,އުދޫ,Industrial Island,,,,,N,8.535616,2.970589,72.990735
LD0019,Dh,Dhaalu,Vaanee,ވާނީ,Uninhabited Island,,,,,N,11.011173,2.725470,73.002775
LD0758,Dh,Dhaalu,Valla,ވަﷲ,Uninhabited Island,,,,,N,1.991885,2.704528,72.882695
LD0723,Dh,Dhaalu,Vallalhohi,ވަﷲޅޮހި,Uninhabited Island,,,,,N,2.224986,2.730539,72.887990
LD1185,Dh,Dhaalu,Velavaru,ވެލާވަރު,Tourism Island,,,Angsana Resort & Spa Maldives - Velavaru,Operating,N,8.049292,2.979702,73.015684
LD0012,Dh,Dhaalu,Vommuli,ވޮއްމުލި,Tourism Island,,,"The St. Regis Vommuli Resort, Maldives",Operating,N,8.950373,2.911331,72.866074
LD0068,Dh,Dhaalu,,,Uninhabited Island,,,,,N,0.057787,2.728749,72.837661
LD0189,Dh,Dhaalu,,,Uninhabited Island,,,,,N,0.165314,2.725915,72.839418
LD0280,Dh,Dhaalu,,,Uninhabited Island,,,,,N,0.099936,2.721473,72.839859
LD0550,Dh,Dhaalu,,,Uninhabited Island,,,,,N,0.12391,2.716294,72.842142
LD0716,Dh,Dhaalu,,,Uninhabited Island,,,,,N,0.783423,2.713266,72.843306
LD0897,Dh,Dhaalu,,,Uninhabited Island,,,,,N,0.166263,2.718249,72.841388
LD0943,Dh,Dhaalu,,,Uninhabited Island,,,,,N,0.178548,2.700548,72.848082
LD1383,Dh,Dhaalu,,,Uninhabited Island,,,,,N,0.16995,2.694961,72.952227
LD1386,Dh,Dhaalu,,,Uninhabited Island,,,,,N,0.112641,2.909027,72.988968
LD1387,Dh,Dhaalu,,,Uninhabited Island,,,,,N,0.343052,2.986145,73.009353
LD1388,Dh,Dhaalu,,,Uninhabited Island,,,,,N,0.141727,2.993173,72.922017
LD1389,Dh,Dhaalu,,,Uninhabited Island,,,,,N,0.034037,2.949669,73.024722
LD1391,Dh,Dhaalu,,,Uninhabited Island,,,,,N,0.020939,2.774994,73.025129
LD1392,Dh,Dhaalu,,,Uninhabited Island,,,,,N,0.075662,2.773176,73.023619
LD1394,Dh,Dhaalu,,,Uninhabited Island,,,,,N,0.263734,2.762189,73.022586
LD1397,Dh,Dhaalu,,,Uninhabited Island,,,,,N,0.264163,2.880445,72.981708
LD1649,Dh,Dhaalu,,,Uninhabited Island,,,,,N,1.75269,2.993711,73.001913
LD1650,Dh,Dhaalu,,,Uninhabited Island,,,,,N,0.372724,2.999313,72.992714
LD1651,Dh,Dhaalu,,,Uninhabited Island,,,,,N,0.380423,2.999409,72.992238
LD1652,Dh,Dhaalu,,,Uninhabited Island,,,,,N,0.062702,2.926586,72.895146
LD1653,Dh,Dhaalu,,,Uninhabited Island,,,,,N,0.436731,2.766875,72.835130
LD1654,Dh,Dhaalu,,,Uninhabited Island,,,,,N,0.253598,2.868094,72.858995
LD1655,Dh,Dhaalu,,,Uninhabited Island,,,,,N,0.047554,2.773841,73.023281
LD0596,Th,Thaa,Bodufinolhu,ބޮޑުފިނޮޅު,Uninhabited Island,,,,,N,2.415766,2.315843,73.305330
LD1202,Th,Thaa,Bodurehaa,ބޮޑުރެހާ,Uninhabited Island,,,,,N,1.127544,2.267921,73.229105
LD0254,Th,Thaa,Buruni,ބުރުނީ,Residential Island,Th. Buruni Council,Island Council,,,N,34.08479,2.558849,73.106520
LD0829,Th,Thaa,Dhiffushi,ދިއްފުށި,Uninhabited Island,,,,,N,3.983705,2.514782,73.232423
LD0200,Th,Thaa,Dhiyamigili,ދިޔަމިގިލި,Residential Island,Th. Dhiyamigili Council,Island Council,,,N,29.337474,2.339940,73.336800
LD0539,Th,Thaa,Dhonanfushi,ދޮނަންފުށި,Uninhabited Island,,,,,N,1.719052,2.490121,73.314980
LD0161,Th,Thaa,Dhururehaa,ދުރުރެހާ,Industrial Island,,,,,N,10.497391,2.168973,73.012055
LD1001,Th,Thaa,Ekuruffushifinolhu,އެކުރުއްފުށިފިނޮޅު,Tourism Island,,,,Proposed / Pipeline,N,2.259125,2.265998,73.226258
LD1078,Th,Thaa,Elaa,އެޅާ,Tourism Island,,,,Proposed / Pipeline,N,31.377957,2.172007,73.079403
LD0108,Th,Thaa,Fenfushi,ފެންފުށި,Uninhabited Island,,,,,N,0.346075,2.291619,73.269742
LD0351,Th,Thaa,Fenmeerufushi,ފެންމީރުފުށި,Uninhabited Island,,,,,N,1.703457,2.270611,73.233296
LD0143,Th,Thaa,Fondhoo,ފޮންދޫ,Uninhabited Island,,,,,N,0.64393,2.314960,72.982760
LD0912,Th,Thaa,Fonidhaani,ފޮނިދާނީ,Uninhabited Island,,,,,N,1.891963,2.300986,73.284762
LD0293,Th,Thaa,Funaddu,ފުނައްޑޫ,Industrial Island,,,,,N,26.781552,2.198249,73.128882
LD0471,Th,Thaa,Fushi,ފުށި,Uninhabited Island,,,,,N,5.904114,2.193111,72.969004
LD0427,Th,Thaa,Gaadhiffushi,ގާދިއްފުށި,Residential Island,Th. Gaadhiffushi Council,Island Council,,,N,14.144367,2.252677,73.212525
LD0998,Th,Thaa,Gaalee,ގާލީ,Uninhabited Island,,,,,N,6.957192,2.546981,73.154506
LD0614,Th,Thaa,Gaathurehaa,ގާތުރެހާ,Uninhabited Island,,,,,N,5.890458,2.170331,73.015579
LD1163,Th,Thaa,Guraidhoo,ގުރައިދޫ,Residential Island,Th. Guraidhoo Council,Island Council,,,N,76.475535,2.322582,73.317575
LD0190,Th,Thaa,Hathifushi,ހަތިފުށި,Uninhabited Island,,,,,N,1.196037,2.287313,73.262897
LD0040,Th,Thaa,Hikan'dhilhohi,ހިކަންދިލްހޮހި,Uninhabited Island,,,,,N,2.775247,2.520430,73.226514
LD0350,Th,Thaa,Hirilandhoo,ހިރިލަންދޫ,Residential Island,Th. Hirilandhoo Council,Island Council,,,N,30.088315,2.270395,72.932149
LD0681,Th,Thaa,Hiriyanfushi,ހިރިޔަންފުށި,Uninhabited Island,,,,,N,2.512747,2.211499,73.149773
LD0386,Th,Thaa,Hon'delifushi,ހޮންޑެލިފުށި,Uninhabited Island,,,,,N,1.466279,2.495033,73.312654
LD0796,Th,Thaa,Hulhiyanfushi,ހުޅިޔަންފުށި,Uninhabited Island,,,,,N,2.686494,2.258760,73.218201
LD0533,Th,Thaa,Kaaddoo,ކާއްޑޫ,Tourism Island,,,,Proposed / Pipeline,N,3.329038,2.281850,73.254339
LD0041,Th,Thaa,Kafidhoo,ކަފިދޫ,Uninhabited Island,,,,,N,2.335346,2.326638,72.962100
LD0644,Th,Thaa,Kakolhas,ކަކޮޅަސް,Uninhabited Island,,,,,N,16.19661,2.315566,72.944224
LD1173,Th,Thaa,Kalhudhiyafushi,ކަޅުދިޔަފުށި,Tourism Island,,,,Proposed / Pipeline,N,4.153478,2.294976,73.276286
LD0034,Th,Thaa,Kalhufahalafushi,ކަޅުފަހަލަފުށި,Tourism Island,,,,Proposed / Pipeline,N,92.424378,2.409160,73.357750
LD0504,Th,Thaa,Kandoodhoo,ކަނޑޫދޫ,Residential Island,Th. Kandoodhoo Council,Island Council,,,N,81.829777,2.321263,72.916657
LD0118,Th,Thaa,Kan'dufushi,ކަނޑުފުށި,Uninhabited Island,,,,,N,2.220639,2.531227,72.987519
LD0759,Th,Thaa,Kani,ކަނި,Uninhabited Island,,,,,N,0.524474,2.189834,72.973732
LD1123,Th,Thaa,Kanimeedhoo,ކަނިމީދޫ,Tourism Island,,,,Proposed / Pipeline,N,67.861905,2.195632,73.111544
LD0422,Th,Thaa,Kinbidhoo,ކިންބިދޫ,Residential Island,Th. Kinbidhoo Council,Island Council,,,N,38.175104,2.168263,73.066069
LD1011,Th,Thaa,Kolafushi,ކޮޅަފުށި,Uninhabited Island,,,,,N,1.569517,2.263832,73.223466
LD0905,Th,Thaa,Kolhufushi,ކޮޅުފުށި,Uninhabited Island,,,,,N,3.722058,2.364897,73.363395
LD0848,Th,Thaa,Kudadhoo,ކުޑަދޫ,Uninhabited Island,,,,,N,0.252227,2.308935,72.951668
LD0622,Th,Thaa,Kudakaaddoo,ކުޑަކާއުއްޑޫ,Uninhabited Island,,,,,N,0.132291,2.285388,73.259092
LD0449,Th,Thaa,Kudakin'bidhoo,ކުޑަކިންބިދޫ,Uninhabited Island,,,,,N,1.654083,2.164551,73.063050
LD1162,Th,Thaa,Kuran'dhuvaru,ކުރަންދޫވަރު,Uninhabited Island,,,,,N,2.530567,2.539293,73.176047
LD0138,Th,Thaa,Kuredhifushi,ކުރެދިފުށި,Uninhabited Island,,,,,N,9.099428,2.167980,73.034373
LD0029,Th,Thaa,Lhavaddoo,ޅަވައްދޫ,Tourism Island,,,,Proposed / Pipeline,N,3.177465,2.305769,73.291212
LD0184,Th,Thaa,Maagulhi,މާގުޅި,Uninhabited Island,,,,,N,3.499382,2.538366,73.179566
LD0556,Th,Thaa,Maalefushi,މާލެފުށި,Tourism Island,,,Como Maalifushi,Operating,N,10.85582,2.310998,73.298334
LD0627,Th,Thaa,Madifushi,މަޑިފުށި,Residential Island,Th. Madifushi Council,Island Council,,,N,53.581209,2.356801,73.354697
LD0849,Th,Thaa,Mathidhoo,މަތިދޫ,Uninhabited Island,,,,,N,6.2022,2.346662,73.342736
LD0850,Th,Thaa,Medhafushi,މެދަފުށި,Uninhabited Island,,,,,N,4.708547,2.343431,73.340869
LD1035,Th,Thaa,Olhudhiyafushi,އޮޅުދިޔަފުށި,Uninhabited Island,,,,,N,0.833091,2.272281,73.236064
LD0939,Th,Thaa,Olhufushi,އޮޅުފުށި,Tourism Island,,,,Proposed / Pipeline,N,2.342549,2.365687,72.908310
LD1103,Th,Thaa,Olhufushifinolhu,އޮޅުފުށިފިނޮޅު,Tourism Island,,,,Proposed / Pipeline,N,0.026298,2.372214,72.908106
LD0240,Th,Thaa,Olhugiri,އޮޅުގިރި,Tourism Island,,,,Proposed / Pipeline,N,9.756504,2.505726,73.255820
LD0783,Th,Thaa,Omadhoo,އޮމަދޫ,Residential Island,Th. Omadhoo Council,Island Council,,,N,36.961553,2.167578,73.023611
LD0956,Th,Thaa,Rihamaafushi,ރިހާމާފުށި,Uninhabited Island,,,,,N,1.248225,2.289474,73.266402
LD0709,Th,Thaa,Ruhthibirah,ރުއްތިބިރަށް,Tourism Island,,,,Proposed / Pipeline,N,8.414695,2.168873,73.052842
LD0082,Th,Thaa,Thimarafushi,ތިމަރަފުށި,Residential Island,Th. Thimarafushi Council,Island Council,,,N,99.989305,2.209286,73.148547
LD1130,Th,Thaa,Ufuriyaa,އުފުރިޔާ,Uninhabited Island,,,,,N,7.374522,2.361605,73.361269
LD0898,Th,Thaa,Usfushi,އުސްފުށި,Uninhabited Island,,,,,N,1.912543,2.246487,73.204680
LD0460,Th,Thaa,Vanbadhi,ވަންބަދި,Uninhabited Island,,,,,N,5.103917,2.187320,72.975969
LD0859,Th,Thaa,Vandhoo,ވަންދޫ,Residential Island,Th. Vandhoo Council,Island Council,,,N,25.906479,2.291710,72.941936
LD0694,Th,Thaa,Veymandoo,ވޭމަންޑޫ,Residential Island,Th. Veymandoo Council,Island Council,,,Y,44.64553,2.187172,73.094962
LD0205,Th,Thaa,Vilufushi,ވިލުފުށި,Residential Island,Th. Vilufushi Council,Island Council,,,N,60.201656,2.503166,73.308248
LD0005,Th,Thaa,,,Uninhabited Island,,,,,N,0.671358,2.169984,73.013771
LD1073,Th,Thaa,,,Uninhabited Island,,,,,N,0.19827,2.549042,73.157082
LD1419,Th,Thaa,,,Uninhabited Island,,,,,N,0.145102,2.281552,73.255472
LD1656,Th,Thaa,,,Uninhabited Island,,,,,N,0.162356,2.312646,73.297027
LD1657,Th,Thaa,,,Uninhabited Island,,,,,N,0.313282,2.296348,73.274656
LD1658,Th,Thaa,,,Uninhabited Island,,,,,N,0.378266,2.177248,73.068327
LD1659,Th,Thaa,,,Uninhabited Island,,,,,N,0.307441,2.164566,73.048217
LD1660,Th,Thaa,,,Uninhabited Island,,,,,N,0.445261,2.268406,72.939305
LD1661,Th,Thaa,,,Uninhabited Island,,,,,N,0.231564,2.288531,72.952162
LD1662,Th,Thaa,,,Uninhabited Island,,,,,N,0.045722,2.355943,73.349691
LD1663,Th,Thaa,,,Uninhabited Island,,,,,N,0.037139,2.354604,73.350333
LD1664,Th,Thaa,,,Uninhabited Island,,,,,N,0.084817,2.190932,73.090376
LD1665,Th,Thaa,,,Uninhabited Island,,,,,N,3.258614,2.512674,73.237067
LD0067,L,Laamu,Aarahaa,އާރަހާ,Uninhabited Island,,,,,N,0.213044,1.828558,73.274704
LD0167,L,Laamu,Athahendhu,އަތަހެންދޫ,Uninhabited Island,,,,,N,0.286647,1.828017,73.273872
LD0994,L,Laamu,Baresdhoo,ބަރެސްދޫ,Tourism Island,,,,Proposed / Pipeline,N,73.832891,1.967833,73.539956
LD0223,L,Laamu,Bodu mungnafushi,ބޮޑު މުންގްނަފުށި,Tourism Island,,,,Proposed / Pipeline,N,3.136495,1.988860,73.308735
LD0065,L,Laamu,Bodufenrahaa,ބޮޑުފެންރަހާ,Uninhabited Island,,,,,N,3.413851,1.827133,73.271261
LD1160,L,Laamu,Bodufinolhu,ބޮޑުފިނޮޅު,Tourism Island,,,,Proposed / Pipeline,N,6.349199,1.945453,73.540348
LD1186,L,Laamu,Bodufinolhu,ބޮޑުފިނޮޅު,Tourism Island,,,,Proposed / Pipeline,N,1.571887,2.027846,73.372125
LD1014,L,Laamu,Boduhuraa,ބޮޑުހުރާ,Tourism Island,,,,Proposed / Pipeline,N,25.630468,1.801207,73.294754
LD0763,L,Laamu,Bodumaabulhali,ބޮޑުމާބުލްހަލި,Uninhabited Island,,,,,N,5.073464,1.849165,73.255389
LD0599,L,Laamu,Bodumahigulhi,ބޮޑުމަހިގުޅި,Uninhabited Island,,,,,N,1.111787,1.786969,73.326288
LD0472,L,Laamu,Bokaiyfushi,ބޮކައިފުށި,Uninhabited Island,,,,,N,8.864107,1.999015,73.534746
LD0060,L,Laamu,Burrahaa,ބުރަހާ,Uninhabited Island,,,,,N,2.58442,1.826838,73.278084
LD1049,L,Laamu,Dhanbidhoo,ދަންބިދޫ,Residential Island,L. Dhanbidhoo Council,Island Council,,,N,53.918371,2.094211,73.544703
LD0145,L,Laamu,Dhonberahaa,ދޮންބެރަހާ,Uninhabited Island,,,,,N,1.877551,2.071447,73.536039
LD0825,L,Laamu,Enberahaa,އެންބެރަހާ,Uninhabited Island,,,,,N,0.37783,1.841833,73.257543
LD0988,L,Laamu,Fares,ފަރެސް,Tourism Island,,,Rahaa Resort,Operating,N,12.198334,1.799174,73.300739
LD1470,L,Laamu,Fenboahuraa,ފެންބޯހުރާ,Uninhabited Island,,,,,N,0.340271,2.064217,73.538257
LD0366,L,Laamu,Fenboarahaa,ފެންބޯރަހާ,Uninhabited Island,,,,,N,2.661034,1.810515,73.285734
LD1038,L,Laamu,Fonadhoo,ފޮނަދޫ,Residential Island,L. Fonadhoo Council,Island Council,,,Y,171.614648,1.834343,73.500068
LD0720,L,Laamu,Fonagaadhoo,ފޮނަގާދޫ,Uninhabited Island,,,,,N,8.183331,2.115296,73.542477
LD1082,L,Laamu,Fushi,ފުށި,Uninhabited Island,,,,,N,3.835373,2.049636,73.532184
LD0261,L,Laamu,Gaadhoo,ގާދޫ,Industrial Island,,,,,N,72.209414,1.821114,73.451720
LD0152,L,Laamu,Gan,ގަން,Residential Island,L. Gan Council,Island Council,,,N,608.668247,1.914256,73.540917
LD0192,L,Laamu,Gasgan'dufinolhu,ގަސްގަނޑުފިނޮޅު,Tourism Island,,,,Proposed / Pipeline,N,3.992951,1.952377,73.540127
LD0953,L,Laamu,Guraidhoo,ގުރައިދޫ,Tourism Island,,,,Proposed / Pipeline,N,8.182903,1.908239,73.255024
LD0733,L,Laamu,Haiyhoshi,ހައިހޮށި,Tourism Island,,,,Proposed / Pipeline,N,1.365798,1.842028,73.258503
LD1172,L,Laamu,Hanhushi,ހަންހުށި,Uninhabited Island,,,,,N,2.812051,1.951539,73.261766
LD0555,L,Laamu,Hendha,ހެންދަ,Uninhabited Island,,,,,N,3.356467,1.821627,73.274360
LD0757,L,Laamu,Hikan'dhirahaa,ހިކަންދިރަހާ,Uninhabited Island,,,,,N,2.692263,2.058353,73.536556
LD0265,L,Laamu,Hithadhoo,ހިތަދޫ,Residential Island,L. Hithadhoo Council,Island Council,,,N,105.289815,1.796829,73.388259
LD0244,L,Laamu,Holhurahaa,ހޮޅުރަހާ,Tourism Island,,,,Proposed / Pipeline,N,2.497239,2.068515,73.539021
LD0538,L,Laamu,Hulhimendhoo,ހުޅިމެންދޫ,Uninhabited Island,,,,,N,8.568873,1.823013,73.394277
LD0671,L,Laamu,Hulhiyandhoo,ހުޅިޔަންދޫ,Uninhabited Island,,,,,N,20.802917,2.080839,73.541713
LD1191,L,Laamu,Hulisdhoo,ހުލިސްދޫ,Uninhabited Island,,,,,N,1.390029,1.785209,73.387664
LD0239,L,Laamu,Huraa,ހުރާ,Uninhabited Island,,,,,N,0.720924,1.844552,73.515726
LD1070,L,Laamu,Isdhoo,އިސްދޫ,Residential Island,L. Isdhoo Council,Island Council,,,N,147.063796,2.124312,73.577010
LD0309,L,Laamu,Kahdhoo,ކައްދޫ,Institutional Island,,,,,N,115.336941,1.861481,73.521272
LD1473,L,Laamu,Kalaidhoo,ކަލައިދޫ,Residential Island,L. Kalaidhoo Council,Island Council,,,N,213.439932,2.114229,73.560517
LD0031,L,Laamu,Kalhaidhoo,ކަޅައިދޫ,Uninhabited Island,,,,,N,28.002191,1.988365,73.536617
LD0432,L,Laamu,Kalhurahaa,ކަޅުރަހާ,Uninhabited Island,,,,,N,2.265889,1.844411,73.256644
LD0735,L,Laamu,Kandaru,ކަންދަރު,Industrial Island,,,,,N,4.272959,2.060836,73.536462
LD0592,L,Laamu,Kanuhuraa,ކަނުހުރާ,Uninhabited Island,,,,,N,1.461142,2.046016,73.532364
LD0371,L,Laamu,Kashidhoo,ކަށިދޫ,Tourism Island,,,,Proposed / Pipeline,N,3.107012,1.919419,73.253676
LD1087,L,Laamu,Kokurahaa,ކޮކުރަހާ,Uninhabited Island,,,,,N,0.630781,1.854081,73.255524
LD0777,L,Laamu,Kuda mungnafushi,ކުޑަ މުންގަނަފުށި,Uninhabited Island,,,,,N,0.224555,1.993329,73.313983
,L,Laamu,Kudafares,ކުޑަފަރެސް,Tourism Island,,,,Proposed / Pipeline,N,<3.0,1.796667,73.300278
LD1024,L,Laamu,Kudafenrehaa,ކުޑަފެންރެހާ,Uninhabited Island,,,,,N,2.060229,1.809796,73.289121
LD1025,L,Laamu,Kudafushi,ކުޑަފުށި,Industrial Island,,,,,N,12.274137,1.788632,73.331859
LD0053,L,Laamu,Kudamaabulhali,ކުޑަމާބުޅަލި,Uninhabited Island,,,,,N,0.460417,1.847219,73.252749
LD0902,L,Laamu,Kudamahigulhi,ކުޑަމަހިގުޅި,Uninhabited Island,,,,,N,0.252097,1.787254,73.328179
LD0414,L,Laamu,Kudarah,ކުޑަރަށް,Uninhabited Island,,,,,N,2.299716,2.065108,73.536459
LD1034,L,Laamu,Kudavoshi,ކުޑަވޮށި,Uninhabited Island,,,,,N,3.218864,1.824066,73.281898
LD0323,L,Laamu,Kunahandhoo,ކުނަހަންދޫ,Residential Island,L. Kunahandhoo Council,Island Council,,,N,92.2612,1.783400,73.368207
LD0971,L,Laamu,Kuredhirehaa,ކުރެދިރެހާ,Uninhabited Island,,,,,N,4.574285,1.781027,73.353587
LD1053,L,Laamu,Maabaidhoo,މާބައިދޫ,Residential Island,L. Maabaidhoo Council,Island Council,,,N,52.80499,2.029341,73.532618
LD0951,L,Laamu,Maafushi,މާފުށި,Uninhabited Island,,,,,N,2.907887,1.791794,73.333172
LD0952,L,Laamu,Maakalhuveli,މާކަޅުވެލި,Uninhabited Island,,,,,N,4.829808,1.788664,73.340457
LD0484,L,Laamu,Maamendhoo,މާމެންދޫ,Residential Island,L. Maamendhoo Council,Island Council,,,N,22.36208,1.817884,73.389718
LD0832,L,Laamu,Maandhoo,މާންދޫ,Industrial Island,,,,,N,100.646585,1.874580,73.526563
LD0938,L,Laamu,Maavah,މާވަށް,Residential Island,L. Maavah Council,Island Council,,,N,39.891946,1.885495,73.243179
LD1048,L,Laamu,Maaveshi,މާވެށި,Uninhabited Island,,,,,N,2.858033,1.832955,73.271617
LD0703,L,Laamu,Mahakanfushi,މަހަކަންފުށި,Tourism Island,,,,Proposed / Pipeline,N,7.15385,1.958812,73.540716
LD0955,L,Laamu,Medhu vinagan'du,މެދުވިނަގަނޑު,Uninhabited Island,,,,,N,1.13887,1.816464,73.278176
LD1096,L,Laamu,Mendhoo,މެންދޫ,Industrial Island,,,,,N,65.461227,1.787063,73.381630
LD0102,L,Laamu,Mundoo,މުންޑޫ,Residential Island,L. Mundoo Council,Island Council,,,N,24.176301,2.011848,73.533897
LD0094,L,Laamu,Olhutholhu,އޮޅުތޮޅު,Uninhabited Island,,,,,N,7.829763,1.788049,73.352057
LD1118,L,Laamu,Olhuveli,އޮޅުވެލި,Tourism Island,,,Six Senses Laamu,Operating,N,19.569392,1.816875,73.404755
LD0798,L,Laamu,Rahaa,ރަހާ,Uninhabited Island,,,,,N,14.394209,2.056366,73.534482
LD0634,L,Laamu,Thathunrahaa,ތަތުންރަހާ,Uninhabited Island,,,,,N,0.426201,1.830679,73.268522
LD0308,L,Laamu,Thun'buri,ތުންބުރި,Uninhabited Island,,,,,N,18.632685,2.074871,73.540270
LD0276,L,Laamu,Uthuru vinagan'du,އުތުރުވިނަގަނޑު,Uninhabited Island,,,,,N,1.493596,1.817533,73.278316
LD0566,L,Laamu,Uvadhevifushi,އުވަދެވިފުށި,Uninhabited Island,,,,,N,5.680337,1.979218,73.537144
LD0628,L,Laamu,Vadinolhu,ވަދިނޮޅު,Tourism Island,,,,Proposed / Pipeline,N,7.698024,2.017616,73.358861
LD0341,L,Laamu,Veligan'dufinolhu,ވެލިގަނޑުފިނޮޅު,Uninhabited Island,,,,,N,1.18829,1.828992,73.408688
LD0052,L,Laamu,Vinagan'du,ވިނަގަނޑު,Uninhabited Island,,,,,N,2.481463,1.817133,73.279538
LD0368,L,Laamu,,,Uninhabited Island,,,,,N,0.050463,1.791454,73.325651
LD1056,L,Laamu,,,Uninhabited Island,,,,,N,0.49023,2.043167,73.532280
LD1425,L,Laamu,,,Uninhabited Island,,,,,N,0.574187,1.828995,73.454951
LD1428,L,Laamu,,,Uninhabited Island,,,,,N,0.158523,2.095957,73.538630
LD1429,L,Laamu,,,Uninhabited Island,,,,,N,0.218026,2.101290,73.541737
LD1430,L,Laamu,,,Uninhabited Island,,,,,N,0.307049,2.104271,73.542815
LD1431,L,Laamu,,,Uninhabited Island,,,,,N,2.48495,2.106710,73.539919
LD1666,L,Laamu,,,Uninhabited Island,,,,,N,0.111419,1.828169,73.454740
LD1667,L,Laamu,,,Uninhabited Island,,,,,N,0.314631,1.822267,73.283445
LD1668,L,Laamu,,,Uninhabited Island,,,,,N,0.333724,1.805744,73.313526
LD1669,L,Laamu,,,Uninhabited Island,,,,,N,0.206531,2.055117,73.535326
LD1670,L,Laamu,,,Uninhabited Island,,,,,N,0.166132,1.824023,73.483357
LD1671,L,Laamu,,,Uninhabited Island,,,,,N,0.082789,1.823052,73.414615
LD1672,L,Laamu,,,Uninhabited Island,,,,,N,0.087353,1.794706,73.369670
LD1673,L,Laamu,,,Uninhabited Island,,,,,N,0.3068,2.101748,73.541132
LD1674,L,Laamu,,,Uninhabited Island,,,,,N,0.309681,2.104097,73.542055
LD0222,GA,Gaafu Alifu,Araigaththaa,އަރައިގައްތާ,Uninhabited Island,,,,,N,4.659626,0.452121,73.535026
LD0590,GA,Gaafu Alifu,Baaberehutta,ބާބެރެހުއްޓާ,Uninhabited Island,,,,,N,1.370954,0.840951,73.180982
LD0945,GA,Gaafu Alifu,Baavanadhoo,ބާވަނަދޫ,Uninhabited Island,,,,,N,6.4366,0.521311,73.539901
LD0457,GA,Gaafu Alifu,Bakeththaa,ބަކެއްތާ,Tourism Island,,,,Proposed / Pipeline,N,2.050239,0.381137,73.497611
LD0071,GA,Gaafu Alifu,Beyrumauddoo,ބޭރުމައުއްޑޫ,Uninhabited Island,,,,,N,3.078778,0.795303,73.224825
LD0989,GA,Gaafu Alifu,Bihurehaa,ބިހުރެހާ,Uninhabited Island,,,,,N,47.072093,0.421951,73.570965
LD0869,GA,Gaafu Alifu,Boadduvaa,ބޯއްޑުވާ,Uninhabited Island,,,,,N,0.956967,0.706132,73.330899
LD0787,GA,Gaafu Alifu,Bodehuttaa,ބޮޑެހުއްޓާ,Uninhabited Island,,,,,N,0.334837,0.855091,73.402939
LD1156,GA,Gaafu Alifu,Bodubon'deyyaa,ބޮޑުބޮނޑެއްޔާ,Uninhabited Island,,,,,N,6.540944,0.410099,73.567394
LD1445,GA,Gaafu Alifu,Bodufinolhu,ބޮޑުފިނޮޅު,Uninhabited Island,,,,,N,0.127094,0.802911,73.422989
LD0543,GA,Gaafu Alifu,Boduhuttaa,ބޮޑުހުއްޓާ,Uninhabited Island,,,,,N,6.341791,0.412506,73.571463
LD0766,GA,Gaafu Alifu,Dhaandhoo,ދާންދޫ,Residential Island,GA. Dhaandhoo Council,Island Council,,,N,31.558554,0.620824,73.461127
LD0820,GA,Gaafu Alifu,Dhevvaamaagala,ދެއްވާމާގަލާ,Uninhabited Island,,,,,N,8.905316,0.571262,73.191868
LD0412,GA,Gaafu Alifu,Dhevvadhoo,ދެއްވަދޫ,Residential Island,GA. Dhevvadhoo Council,Island Council,,,N,23.213563,0.556948,73.242132
LD0380,GA,Gaafu Alifu,Dhevvalaabadhoo,ދެއްވަލާބަދޫ,Tourism Island,,,,Proposed / Pipeline,N,5.300372,0.604718,73.309406
LD0174,GA,Gaafu Alifu,Dhigudhoo,ދިގުދޫ,Uninhabited Island,,,,,N,12.256278,0.542460,73.534444
LD0811,GA,Gaafu Alifu,Dhigurah,ދިގުރަށް,Tourism Island,,,The Residence Maldives At Dhigurah,Operating,N,24.142466,0.690517,73.441046
LD0514,GA,Gaafu Alifu,Dhiyadhoo,ދިޔަދޫ,Uninhabited Island,,,,,N,45.101917,0.477704,73.556232
LD0802,GA,Gaafu Alifu,Falhumaafushi,ފަޅުމާފުށި,Tourism Island,,,The Residence Maldives,Operating,N,7.677609,0.671809,73.438441
,GA,Gaafu Alifu,Falhuverrahaa,ފަޅުވެއްރަހާ,Tourism Island,,,,Proposed / Pipeline,N,7.3,0.762778,73.434722
LD0881,GA,Gaafu Alifu,Faruhulhedhoo,ފަރުހުޅުހެދޫ,Uninhabited Island,,,,,N,6.505367,0.872421,73.244584
LD1006,GA,Gaafu Alifu,Faruhulhudhoo,ފަރުހުޅުދޫ,Uninhabited Island,,,,,N,3.249829,0.874409,73.255374
LD0799,GA,Gaafu Alifu,Fenfuttaa,ފެންފުއްޓާ,Uninhabited Island,,,,,N,3.699137,0.713857,73.285500
LD1088,GA,Gaafu Alifu,Fenrehaa,ފެންރެހާ,Uninhabited Island,,,,,N,1.90732,0.415458,73.572455
LD0056,GA,Gaafu Alifu,Fulan'gi,ފުލަންގި,Uninhabited Island,,,,,N,3.347506,0.684055,73.202018
LD0613,GA,Gaafu Alifu,Funadhoo,ފުނަދޫ,Industrial Island,,,,,N,23.937022,0.562493,73.526228
LD0373,GA,Gaafu Alifu,Funadhooviligillaa,ފުނަދޫވިލިގިއްލާ,Tourism Island,,,,Proposed / Pipeline,N,6.458415,0.569787,73.519842
LD0926,GA,Gaafu Alifu,Funamauddaa,ފުނަމައުއްޑާ,Tourism Island,,,Robinson Maldives,Operating,N,9.668965,0.533782,73.190285
LD0542,GA,Gaafu Alifu,Galamedhuvaa,ގަލަމެދުވާ,Uninhabited Island,,,,,N,4.152455,0.529477,73.537136
LD1182,GA,Gaafu Alifu,Gemanafushi,ގެމަނަފުށި,Residential Island,GA. Gemanafushi Council,Island Council,,,N,56.791277,0.442445,73.568265
LD0618,GA,Gaafu Alifu,Han'dahaa,ހަންޑަހާ,Tourism Island,,,Park Hyatt Maldives Hadahaa,Operating,N,9.238845,0.505700,73.453924
LD0540,GA,Gaafu Alifu,Hinaamaagalaa,ހިނާމާގަލާ,Tourism Island,,,,Proposed / Pipeline,N,3.581947,0.630136,73.344188
LD0151,GA,Gaafu Alifu,Hirihuttaa,ހިރިހުއްޓާ,Tourism Island,,,,Proposed / Pipeline,N,4.247586,0.540587,73.346251
LD0828,GA,Gaafu Alifu,Hithaadhoo,ހިތާދޫ,Uninhabited Island,,,,,N,9.474494,0.849318,73.242509
LD0270,GA,Gaafu Alifu,Hithaadhoogalaa,ހިތާދޫގަލާ,Institutional Island,,,,,N,0.885797,0.826687,73.252282
LD1032,GA,Gaafu Alifu,Hulhimendhoo,ހުޅިމެންދޫ,Uninhabited Island,,,,,N,4.89266,0.703532,73.440016
LD0792,GA,Gaafu Alifu,Hurendhoo,ހުރެންދޫ,Uninhabited Island,,,,,N,1.54949,0.846576,73.207818
LD1017,GA,Gaafu Alifu,Idhimaa,އިދިމާ,Uninhabited Island,,,,,N,2.029186,0.408011,73.569726
LD0093,GA,Gaafu Alifu,Innarehaa,އިންނަރެހާ,Uninhabited Island,,,,,N,23.256673,0.379678,73.556511
LD0595,GA,Gaafu Alifu,Kalhehuttaa,ކަޅެހުއްޓާ,Uninhabited Island,,,,,N,1.422158,0.848424,73.178653
LD0467,GA,Gaafu Alifu,Kaludirehaa,ކަޅުދިރެހާ,Uninhabited Island,,,,,N,4.694855,0.434272,73.569357
LD0856,GA,Gaafu Alifu,Kanduhulhuhdoo,ކަނޑުހުޅުދޫ,Residential Island,GA. Kanduhulhuhdoo Council,Island Council,,,N,32.324874,0.351318,73.539722
LD0228,GA,Gaafu Alifu,Kan'duvilin'gili,ކަނޑުވިލިންގިލި,Uninhabited Island,,,,,N,3.702649,0.866270,73.190244
LD1045,GA,Gaafu Alifu,Kendheraa,ކެންދެރާ,Uninhabited Island,,,,,N,4.362284,0.726943,73.285118
LD0028,GA,Gaafu Alifu,Kerehdhoo,ކެރެހްދޫ,Tourism Island,,,,Proposed / Pipeline,N,13.168785,0.659343,73.438259
LD0456,GA,Gaafu Alifu,Kisserahaa,ކިއްސެރަހާ,Uninhabited Island,,,,,N,0.280871,0.649194,73.135883
LD0805,GA,Gaafu Alifu,Kodagehuttaa,ކޮޑަގެހުއްޓާ,Uninhabited Island,,,,,N,1.624394,0.842915,73.180388
LD0101,GA,Gaafu Alifu,Kodahuttaa,ކޮޑަހުއްޓާ,Uninhabited Island,,,,,N,0.938036,0.678624,73.439419
LD1171,GA,Gaafu Alifu,Kodeymatheelaabadhoo,ކޮޑޭމަތީލާބަދޫ,Tourism Island,,,,Proposed / Pipeline,N,7.544139,0.505761,73.498010
LD0083,GA,Gaafu Alifu,Kodeyvilin'gili,ކޮޑޭވިލިނގިލި,Uninhabited Island,,,,,N,5.285048,0.513688,73.542025
LD0743,GA,Gaafu Alifu,Kolamaafushi,ކޮލަމާފުށި,Residential Island,GA. Kolamaafushi Council,Island Council,,,N,35.300191,0.837521,73.184729
LD0435,GA,Gaafu Alifu,Kondey,ކޮނޑޭ,Residential Island,GA. Kondey Council,Island Council,,,N,119.261418,0.499255,73.548777
LD0443,GA,Gaafu Alifu,Kooddoo,ކޫއްޑޫ,Industrial Island,,,,,N,83.300832,0.733579,73.433695
LD0631,GA,Gaafu Alifu,Kudalafari,ކުޑަލަފަރި,Uninhabited Island,,,,,N,2.84871,0.896516,73.349595
LD0806,GA,Gaafu Alifu,Lhossaa,ޅޮއްސާ,Uninhabited Island,,,,,N,11.561702,0.820044,73.201913
LD1057,GA,Gaafu Alifu,Maadhigavara,މާދިގަވަރަ,Uninhabited Island,,,,,N,2.814654,0.688551,73.266738
LD1680,GA,Gaafu Alifu,Maadhigavara,މާދިގަވަރަ,Uninhabited Island,,,,,N,0.173718,0.671789,73.283329
LD0054,GA,Gaafu Alifu,Maafehelaa,މާފެހެލާ,Uninhabited Island,,,,,N,44.264444,0.380242,73.553116
LD0237,GA,Gaafu Alifu,Maagihuttaa,މާގިހުއްޓާ,Uninhabited Island,,,,,N,3.419209,0.845594,73.179629
LD0301,GA,Gaafu Alifu,Maakanaarataa,މާކަނާރަޓާ,Uninhabited Island,,,,,N,1.761895,0.811961,73.207126
LD1085,GA,Gaafu Alifu,Maamendhoo,މާމެންދޫ,Residential Island,GA. Maamendhoo Council,Island Council,,,N,51.913822,0.713824,73.438930
LD0024,GA,Gaafu Alifu,Maamutaa,މާމުޓާ,Tourism Island,,,Pullman Maldives Maamutaa Resort,Operating,N,20.88964,0.846428,73.407505
LD0156,GA,Gaafu Alifu,Maarandhoo,މާރަންދޫ,Tourism Island,,,,Proposed / Pipeline,N,4.646395,0.853727,73.209171
LD0911,GA,Gaafu Alifu,Maarehaa,މާރެހާ,Tourism Island,,,,Proposed / Pipeline,N,15.600729,0.461452,73.563882
LD0153,GA,Gaafu Alifu,Mahahdhoo,މަހައްދޫ,Tourism Island,,,,Proposed / Pipeline,N,16.559542,0.584141,73.513065
LD0242,GA,Gaafu Alifu,Mahthurehaa,މަހްތުރެހާ,Uninhabited Island,,,,,N,11.614295,0.368503,73.552458
LD0314,GA,Gaafu Alifu,Maththidhoo,މައްތިދޫ,Uninhabited Island,,,,,N,1.519066,0.669407,73.368125
LD0749,GA,Gaafu Alifu,Matu,މަޓު,Uninhabited Island,,,,,N,5.812449,0.885157,73.336282
LD0229,GA,Gaafu Alifu,Medharehaa,މެދަރެހާ,Uninhabited Island,,,,,N,5.723033,0.363418,73.545111
LD0376,GA,Gaafu Alifu,Medhehuttaa,މެދެހުއްޓާ,Uninhabited Island,,,,,N,2.454049,0.466997,73.561917
LD0188,GA,Gaafu Alifu,Medhuburiyaa,މެދުބުރިޔާ,Uninhabited Island,,,,,N,1.19291,0.372701,73.553326
LD0878,GA,Gaafu Alifu,Melaimaa,މެލައިމާ,Uninhabited Island,,,,,N,1.221183,0.857547,73.179629
LD0462,GA,Gaafu Alifu,Meradhoo,މެރަދޫ,Tourism Island,,,The Halcyon Private Isles Maldives Autograph Collection,Operating,N,5.770439,0.586779,73.093500
LD0136,GA,Gaafu Alifu,Minimessaa,މިނިމެއްސާ,Uninhabited Island,,,,,N,3.64391,0.541289,73.124019
LD0946,GA,Gaafu Alifu,Munandhuvaa,މުނަންދޫވާ,Tourism Island,,,,Proposed / Pipeline,N,6.355107,0.595640,73.500546
LD1091,GA,Gaafu Alifu,Nilandhoo,ނިލަންދޫ,Residential Island,GA. Nilandhoo Council,Island Council,,,N,61.258407,0.636395,73.446273
LD1449,GA,Gaafu Alifu,Odagallaa,އޮޑަގައްލާ,Tourism Island,,,,Proposed / Pipeline,N,0.908344,0.662751,73.418355
LD0383,GA,Gaafu Alifu,Raaverrehaa,ރާވެއްރެހާ,Industrial Island,,,,,N,5.0062,0.767718,73.429094
LD0396,GA,Gaafu Alifu,Viligalaa,ވިލިގަލާ,Uninhabited Island,,,,,N,3.251712,0.518757,73.216506
LD0247,GA,Gaafu Alifu,Vilingili,ވިލިނގިލި,Residential Island,GA. Vilingili Council,Island Council,,,Y,111.188844,0.756344,73.434852
LD0212,GA,Gaafu Alifu,Vodamulaa,ވޮޑަމުލާ,Tourism Island,,,,Proposed / Pipeline,N,23.110928,0.604186,73.485885
LD0347,GA,Gaafu Alifu,,,Uninhabited Island,,,,,N,0.192344,0.654770,73.440679
LD0475,GA,Gaafu Alifu,,,Uninhabited Island,,,,,N,0.156404,0.416288,73.571267
LD0657,GA,Gaafu Alifu,,,Uninhabited Island,,,,,N,0.268526,0.414547,73.571828
LD0884,GA,Gaafu Alifu,,,Uninhabited Island,,,,,N,0.587402,0.389707,73.560988
LD1440,GA,Gaafu Alifu,,,Uninhabited Island,,,,,N,0.241073,0.836600,73.313552
LD1443,GA,Gaafu Alifu,,,Uninhabited Island,,,,,N,0.09644,0.898091,73.297501
LD1444,GA,Gaafu Alifu,,,Uninhabited Island,,,,,N,0.017692,0.873857,73.291531
LD1447,GA,Gaafu Alifu,,,Uninhabited Island,,,,,N,0.390432,0.606906,73.479404
LD1448,GA,Gaafu Alifu,,,Uninhabited Island,,,,,N,0.048085,0.606163,73.480266
LD1450,GA,Gaafu Alifu,,,Uninhabited Island,,,,,N,0.051296,0.635242,73.138290
LD1451,GA,Gaafu Alifu,,,Uninhabited Island,,,,,N,0.15634,0.642226,73.154099
LD1465,GA,Gaafu Alifu,,,Uninhabited Island,,,,,N,0.113761,0.848342,73.200691
LD1675,GA,Gaafu Alifu,,,Uninhabited Island,,,,,N,0.03848,0.577001,73.094987
LD1676,GA,Gaafu Alifu,,,Uninhabited Island,,,,,N,0.444153,0.617597,73.195521
LD1677,GA,Gaafu Alifu,,,Uninhabited Island,,,,,N,0.027232,0.648931,73.176694
LD1678,GA,Gaafu Alifu,,,Uninhabited Island,,,,,N,0.120336,0.662052,73.189328
LD1679,GA,Gaafu Alifu,,,Uninhabited Island,,,,,N,0.02313,0.676479,73.212540
LD1681,GA,Gaafu Alifu,,,Uninhabited Island,,,,,N,0.620425,0.796439,73.238038
LD1682,GA,Gaafu Alifu,,,Uninhabited Island,,,,,N,0.23905,0.814716,73.203344
LD1683,GA,Gaafu Alifu,,,Uninhabited Island,,,,,N,0.189424,0.895319,73.318171
LD1684,GA,Gaafu Alifu,,,Uninhabited Island,,,,,N,0.240558,0.763768,73.432351
LD1685,GA,Gaafu Alifu,,,Uninhabited Island,,,,,N,0.171699,0.680556,73.439731
LD1686,GA,Gaafu Alifu,,,Uninhabited Island,,,,,N,0.079991,0.677236,73.439446
LD1687,GA,Gaafu Alifu,,,Uninhabited Island,,,,,N,0.054141,0.649424,73.136677
LD0896,GDh,Gaafu Dhaalu,Aakirahuttaa,އާކިރަހުއްޓާ,Uninhabited Island,,,,,N,9.216307,0.264049,73.092351
LD1090,GDh,Gaafu Dhaalu,Aakirahuttaa,އާކިރަހުއްޓާ,Uninhabited Island,,,,,N,5.746217,0.230733,73.127997
LD1031,GDh,Gaafu Dhaalu,Anhenerehaa,އަންހެނެރެހާ,Uninhabited Island,,,,,N,1.015288,0.402433,73.005053
LD0329,GDh,Gaafu Dhaalu,Athihuttaa,އަތިހުއްޓާ,Uninhabited Island,,,,,N,11.12492,0.279946,73.062751
LD0339,GDh,Gaafu Dhaalu,Badefodiyaa,ބަޑެފޮޑިޔާ,Uninhabited Island,,,,,N,2.657242,0.281339,73.060471
LD0930,GDh,Gaafu Dhaalu,Ban'defodiyaa,ބަނޑެފޮޑިޔާ,Uninhabited Island,,,,,N,14.473374,0.275646,73.064745
LD0431,GDh,Gaafu Dhaalu,Baulhagallaa,ބައުލްހަގައްލާ,Uninhabited Island,,,,,N,3.788828,0.494929,73.172486
LD0100,GDh,Gaafu Dhaalu,Beeraahuttaa,ބީރާހުއްޓާ,Uninhabited Island,,,,,N,1.07244,0.280384,73.060709
LD1195,GDh,Gaafu Dhaalu,Bodehuttaa,ބޮޑެހުއްޓާ,Uninhabited Island,,,,,N,1.60538,0.299250,73.040486
LD0302,GDh,Gaafu Dhaalu,Bodehuttaa,ބޮޑެހުއްޓާ,Uninhabited Island,,,,,N,9.01065,0.261149,73.344404
LD0810,GDh,Gaafu Dhaalu,Bodehuttaa,ބޮޑެހުއްޓާ,Uninhabited Island,,,,,N,1.007923,0.195264,73.199847
LD0561,GDh,Gaafu Dhaalu,Bodeinsa,ބޮޑެއިންސަ,Uninhabited Island,,,,,N,3.53726,0.238889,73.119760
LD0245,GDh,Gaafu Dhaalu,Boderehaa,ބޮޑެރެހާ,Uninhabited Island,,,,,N,7.279672,0.386485,73.012677
LD0450,GDh,Gaafu Dhaalu,Boduhuttaa,ބޮޑުހުއްޓާ,Uninhabited Island,,,,,N,0.237663,0.194360,73.218600
LD0042,GDh,Gaafu Dhaalu,Bodurehaa,ބޮޑުރެހާ,Uninhabited Island,,,,,N,5.171876,0.383765,73.015345
LD0038,GDh,Gaafu Dhaalu,Bolimathaidhua,ބޮލިމަތައިދުއާ,Uninhabited Island,,,,,N,2.834144,0.310092,73.025158
LD0537,GDh,Gaafu Dhaalu,Dekaanbaa,ދެކާންބާ,Tourism Island,,,,Proposed / Pipeline,N,1.957715,0.373757,73.022807
LD0740,GDh,Gaafu Dhaalu,Dhatekarunahuttaa,ދަޓެކަރުނަހުއްޓާ,Uninhabited Island,,,,,N,1.370598,0.396573,73.007909
LD1497,GDh,Gaafu Dhaalu,Dhatemulaidhua,ދަޓެމުލައިދުއާ,Uninhabited Island,,,,,N,0.887449,0.309880,73.026833
LD0773,GDh,Gaafu Dhaalu,Dhathaidhuaa,ދަތައިދުއާ,Uninhabited Island,,,,,N,3.666561,0.237334,73.122412
LD0393,GDh,Gaafu Dhaalu,Dherukerehaa,ދެރުކެރެހާ,Uninhabited Island,,,,,N,1.50793,0.249254,73.108208
,GDh,Gaafu Dhaalu,Dherukurehaa,ދެރުކުރެހާ,Tourism Island,,,,Proposed / Pipeline,N,8.4,0.245833,73.111944
LD0006,GDh,Gaafu Dhaalu,Dhigelaabadhuvaa,ދިގެލާބަދޫވާ,Uninhabited Island,,,,,N,35.852393,0.213464,73.158776
LD0481,GDh,Gaafu Dhaalu,Dhigurehaa,ދިގުރެހާ,Tourism Island,,,,Proposed / Pipeline,N,2.804223,0.421414,73.004783
LD0172,GDh,Gaafu Dhaalu,Dhinmanaa,ދިންމަނާ,Uninhabited Island,,,,,N,0.84208,0.450104,72.997883
LD1074,GDh,Gaafu Dhaalu,Dhiyanegili,ދިޔަނެގިލި,Uninhabited Island,,,,,N,6.354613,0.301808,73.028667
LD0532,GDh,Gaafu Dhaalu,Dhiyanigillaa,ދިޔަނިގިއްލާ,Uninhabited Island,,,,,N,3.64411,0.256176,73.100981
LD0447,GDh,Gaafu Dhaalu,Dhoonirehaa,ދޫނިރެހާ,Uninhabited Island,,,,,N,17.588955,0.191470,73.201243
LD0814,GDh,Gaafu Dhaalu,Dhoonirehaa,ދޫނިރެހާ,Tourism Island,,,,Proposed / Pipeline,N,3.257954,0.324774,73.494165
LD0690,GDh,Gaafu Dhaalu,Dhoonirehaa,ދޫނިރެހާ,Uninhabited Island,,,,,N,10.136739,0.268506,73.083997
LD0936,GDh,Gaafu Dhaalu,Ehivakaa,އެހިވަކާ,Uninhabited Island,,,,,N,7.190685,0.286845,73.054511
LD0651,GDh,Gaafu Dhaalu,Ekelondaa,އެކެލޮންޑާ,Uninhabited Island,,,,,N,5.158459,0.207725,73.175521
LD0704,GDh,Gaafu Dhaalu,Ekurukerataa,އެކުރުކެރަޓާ,Uninhabited Island,,,,,N,0.701977,0.239419,73.118523
LD0221,GDh,Gaafu Dhaalu,Faahuttaa,ފާހުއްޓާ,Uninhabited Island,,,,,N,4.224986,0.247067,73.109837
LD1434,GDh,Gaafu Dhaalu,Faanehuttaa,ފާނެހުއްޓާ,Uninhabited Island,,,,,N,1.076961,0.299892,73.404119
LD0342,GDh,Gaafu Dhaalu,Faredhoo,ފަރެދޫ,Uninhabited Island,,,,,N,1.296294,0.401413,73.004902
LD0010,GDh,Gaafu Dhaalu,Farehulhedhoo,ފަރެހުޅުހެދޫ,Uninhabited Island,,,,,N,14.481167,0.328373,73.497263
LD0572,GDh,Gaafu Dhaalu,Faresmaathodaa,ފަރެސްމާތޮޑާ,Residential Island,GDh. Faresmaathodaa Council,Island Council,,,N,48.711192,0.199508,73.187191
LD0395,GDh,Gaafu Dhaalu,Farukolhuhuttaa,ފަރުކޮޅުހުއްޓާ,Tourism Island,,,,Proposed / Pipeline,N,1.390936,0.195826,73.226291
LD0941,GDh,Gaafu Dhaalu,Fatefandhoo,ފަޓެފަންދޫ,Uninhabited Island,,,,,N,9.9925,0.306322,73.027386
LD0522,GDh,Gaafu Dhaalu,Femunaidhoo,ފެމުނައިދޫ,Uninhabited Island,,,,,N,7.977176,0.244205,73.113767
LD1030,GDh,Gaafu Dhaalu,Fenevenehuttaa,ފެނެވެނެހުއްޓާ,Uninhabited Island,,,,,N,5.245121,0.266471,73.087533
LD0774,GDh,Gaafu Dhaalu,Fereythavilin'gili,ފެރޭތަވިލިނގިލި,Tourism Island,,,,Proposed / Pipeline,N,1.692327,0.371997,73.023991
LD0207,GDh,Gaafu Dhaalu,Filaarataa,ފިލާރަޓާ,Uninhabited Island,,,,,N,0.992786,0.300208,73.038890
LD0470,GDh,Gaafu Dhaalu,Fiyoaree,ފިޔޯރީ,Residential Island,GDh. Fiyoaree Council,Island Council,,,N,80.7816,0.221394,73.136558
LD0887,GDh,Gaafu Dhaalu,Gadhdhoo,ގައްދޫ,Residential Island,GDh. Gadhdhoo Council,Island Council,,,N,58.664974,0.290177,73.457958
LD0032,GDh,Gaafu Dhaalu,Gahevelagalaa,ގަހެވެލަގަލާ,Uninhabited Island,,,,,N,4.053144,0.357678,73.319723
LD0112,GDh,Gaafu Dhaalu,Gan,ގަން,Uninhabited Island,,,,,N,245.644808,0.276181,73.434272
LD0430,GDh,Gaafu Dhaalu,Gazeeraa,ޖަޒީރާ,Tourism Island,,,,Proposed / Pipeline,N,5.310266,0.266908,73.376827
LD0664,GDh,Gaafu Dhaalu,Golhaallaa,ގޮޅާއްލާ,Uninhabited Island,,,,,N,16.37758,0.320889,73.486497
LD0928,GDh,Gaafu Dhaalu,Gosi,ގޮސި,Uninhabited Island,,,,,N,4.236273,0.510846,73.147854
LD0778,GDh,Gaafu Dhaalu,Haadhoo,ހާދޫ,Uninhabited Island,,,,,N,6.815088,0.448992,72.998309
LD1161,GDh,Gaafu Dhaalu,Haadhuaa,ހާދުއާ,Uninhabited Island,,,,,N,7.417197,0.239158,73.122111
LD0039,GDh,Gaafu Dhaalu,Hakandoo,ހަކަންޑޫ,Uninhabited Island,,,,,N,8.059392,0.299597,73.032645
LD1152,GDh,Gaafu Dhaalu,Han'daidhoo,ހަނޑައިދޫ,Uninhabited Island,,,,,N,2.608402,0.193596,73.192055
LD0292,GDh,Gaafu Dhaalu,Han'dhebalanerehaa,ހަނދެބަލަނެރެހާ,Uninhabited Island,,,,,N,0.349681,0.392403,73.011653
LD0286,GDh,Gaafu Dhaalu,Haveyyerataa,ހަވެއްޔެރަޓާ,Uninhabited Island,,,,,N,1.349868,0.297914,73.036423
LD0365,GDh,Gaafu Dhaalu,Haveyyerataa,ހަވެއްޔެރަޓާ,Uninhabited Island,,,,,N,0.670133,0.284237,73.058618
LD0255,GDh,Gaafu Dhaalu,Havoddaa,ހަވޮއްޑާ,Tourism Island,,,NH Collection Maldives Havodda Resort,Operating,N,10.84207,0.540336,73.095226
LD0425,GDh,Gaafu Dhaalu,Havodigalaa,ހަވޮޑިގަލާ,Uninhabited Island,,,,,N,7.486751,0.523179,73.074387
LD1060,GDh,Gaafu Dhaalu,Hevaahulhudhoo,ހެވާހުޅުދޫ,Uninhabited Island,,,,,N,5.997078,0.301059,73.030669
LD0243,GDh,Gaafu Dhaalu,Hiyanigilihuttaa,ހިޔަނިގިލިހުއްޓާ,Uninhabited Island,,,,,N,4.846434,0.262275,73.094519
LD0851,GDh,Gaafu Dhaalu,Hoadedhdhoo,ހޯނޑެއްދޫ,Residential Island,GDh. Hoadedhdhoo Council,Island Council,,,N,110.8848,0.444540,73.004314
LD0313,GDh,Gaafu Dhaalu,Hoothodeyaa,ހޫތޮޑެޔާ,Uninhabited Island,,,,,N,0.963729,0.202760,73.181665
LD0023,GDh,Gaafu Dhaalu,Hulhuvaarulaa,ހުޅުވާރުލާ,Uninhabited Island,,,,,N,26.698648,0.326925,73.486829
LD0995,GDh,Gaafu Dhaalu,Hunigon'direhaa,ހުނިގޮނޑިރެހާ,Uninhabited Island,,,,,N,0.246286,0.434895,73.002376
LD1696,GDh,Gaafu Dhaalu,Huttaa,ހުއްޓާ,Uninhabited Island,,,,,N,0.345194,0.287397,73.056847
LD1124,GDh,Gaafu Dhaalu,Kaadedhdhoo,ކާޑެއްދޫ,Industrial Island,,,,,N,182.14734,0.487594,72.993971
LD1496,GDh,Gaafu Dhaalu,Kaafarataa,ކާފަރަޓާ,Uninhabited Island,,,,,N,0.441138,0.308212,73.025331
LD0290,GDh,Gaafu Dhaalu,Kaalhehuttaa,ކާޅެހުއްޓާ,Uninhabited Island,,,,,N,12.264912,0.227121,73.131171
LD0439,GDh,Gaafu Dhaalu,Kaalhehuttaa,ކާޅެހުއްޓާ,Uninhabited Island,,,,,N,0.716363,0.193480,73.213963
LD0607,GDh,Gaafu Dhaalu,Kaashidhoo,ކާށިދޫ,Tourism Island,,,,Proposed / Pipeline,N,9.031042,0.335292,73.436584
LD0846,GDh,Gaafu Dhaalu,Kaashihulhudhoo,ކާށިހުޅުދޫ,Uninhabited Island,,,,,N,13.708645,0.395349,73.008003
LD0216,GDh,Gaafu Dhaalu,Kadelerataa,ކަޑެލެރަޓާ,Uninhabited Island,,,,,N,3.10007,0.313348,73.024903
LD0575,GDh,Gaafu Dhaalu,Kadevaarehaa,ކަދެވާރެހާ,Tourism Island,,,,Proposed / Pipeline,N,5.063827,0.428241,73.003781
LD1027,GDh,Gaafu Dhaalu,Kadhefalaa,ކަދެފަލާ,Uninhabited Island,,,,,N,2.225078,0.342933,73.026397
LD0115,GDh,Gaafu Dhaalu,Kafena,ކަފެނާ,Uninhabited Island,,,,,N,11.234532,0.517141,72.993101
LD0173,GDh,Gaafu Dhaalu,Kalhahigillaa,ކަޅަހިގިއްލާ,Uninhabited Island,,,,,N,20.492234,0.296853,73.034105
LD0277,GDh,Gaafu Dhaalu,Kalhahuttaa,ކަޅަހުއްޓާ,Uninhabited Island,,,,,N,3.979416,0.325041,73.025878
LD0570,GDh,Gaafu Dhaalu,Kalhehamalaa,ކަޅެހަމަލާ,Uninhabited Island,,,,,N,1.635659,0.317667,73.482265
LD0761,GDh,Gaafu Dhaalu,Kalhehuttaa,ކަޅެހުއްޓާ,Uninhabited Island,,,,,N,7.612315,0.329067,73.025720
LD0685,GDh,Gaafu Dhaalu,Kalherehaa,ކަޅެރެހާ,Uninhabited Island,,,,,N,29.98115,0.254110,73.330363
LD0198,GDh,Gaafu Dhaalu,Kan'dahalagalaa,ކަނޑަހަލަގަލާ,Tourism Island,,,,Proposed / Pipeline,N,6.444506,0.225256,73.216569
LD0847,GDh,Gaafu Dhaalu,Kanandhuvaa,ކަނަންދޫވާ,Uninhabited Island,,,,,N,30.701144,0.272563,73.069437
LD0325,GDh,Gaafu Dhaalu,Kandahdhoo,ކަނޑައްދޫ,Uninhabited Island,,,,,N,1.097482,0.194621,73.190984
LD0598,GDh,Gaafu Dhaalu,Kannigillaa,ކަންނިގިއްލާ,Uninhabited Island,,,,,N,5.27051,0.452174,72.999453
LD1769,GDh,Gaafu Dhaalu,Kavvahuttaa,ކައްވަހުއްޓާ,Uninhabited Island,,,,,N,0.059179,0.266128,73.092144
LD0839,GDh,Gaafu Dhaalu,Keleihuttaa,ކެލެއިހުއްޓާ,Uninhabited Island,,,,,N,2.546844,0.204176,73.179651
LD0003,GDh,Gaafu Dhaalu,Keramihthaa,ކެރަމިހްތާ,Uninhabited Island,,,,,N,38.924603,0.391071,73.012560
LD1029,GDh,Gaafu Dhaalu,Keredhirehaa,ކެރެދިރެހާ,Uninhabited Island,,,,,N,1.022962,0.307952,73.025817
LD1498,GDh,Gaafu Dhaalu,Keyhuvadhoo,ކެއިހުވަދޫ,Uninhabited Island,,,,,N,0.133091,0.353526,73.025799
LD1164,GDh,Gaafu Dhaalu,Kodaanahutta,ކޮޑާނަހުއްޓަ,Uninhabited Island,,,,,N,18.450771,0.332640,73.497776
LD0692,GDh,Gaafu Dhaalu,Kodahutigalaa,ކޮޑަހުތިގަލާ,Uninhabited Island,,,,,N,1.918016,0.289379,73.200856
LD0791,GDh,Gaafu Dhaalu,Kodedhoo,ކޮޑެދޫ,Uninhabited Island,,,,,N,0.266999,0.412335,73.005263
LD0728,GDh,Gaafu Dhaalu,Kodegalaa,ކޮޑެގަލާ,Uninhabited Island,,,,,N,4.007996,0.368008,73.391581
LD0815,GDh,Gaafu Dhaalu,Koderataa,ކޮޑެރަޓާ,Tourism Island,,,,Proposed / Pipeline,N,2.223634,0.367947,73.025326
LD0940,GDh,Gaafu Dhaalu,Konottaa,ކޮނޮއްޓާ,Tourism Island,,,,Proposed / Pipeline,N,8.163207,0.462769,73.154773
LD0748,GDh,Gaafu Dhaalu,Kudhe-ehivakaa,ކުދެއެހިވަކާ,Uninhabited Island,,,,,N,6.281379,0.285686,73.057115
LD1174,GDh,Gaafu Dhaalu,Kudhebeeraahuttaa,ކުދެބީރާހުއްޓާ,Uninhabited Island,,,,,N,0.268522,0.282380,73.061623
LD0870,GDh,Gaafu Dhaalu,Kudhehaadhuaa,ކުދެހާދުއާ,Uninhabited Island,,,,,N,0.418501,0.240230,73.121425
LD0291,GDh,Gaafu Dhaalu,Kudhehulhehdhoo,ކުދެހުޅެހްދޫ,Uninhabited Island,,,,,N,1.037651,0.454276,72.997350
LD0754,GDh,Gaafu Dhaalu,Kudhelifadhoo,ކުދެލިފަދޫ,Uninhabited Island,,,,,N,3.710649,0.393084,73.008662
LD1768,GDh,Gaafu Dhaalu,Kudhemaadhoo,ކުދެމާދޫ,Uninhabited Island,,,,,N,0.381025,0.271518,73.081154
LD0407,GDh,Gaafu Dhaalu,Kudhemaaneidhoo,ކުދެމާނެއިދޫ,Uninhabited Island,,,,,N,14.164559,0.258343,73.099594
LD0885,GDh,Gaafu Dhaalu,Kudhemathaidhoo,ކުދެމަތައިދޫ,Uninhabited Island,,,,,N,2.769733,0.306679,73.029947
LD0788,GDh,Gaafu Dhaalu,Kudherataa,ކުދެރަޓާ,Industrial Island,,,,,N,1.557544,0.500600,72.989848
LD0519,GDh,Gaafu Dhaalu,Kureikeymaahuttaa,ކުރެއިކޭމާހުއްޓާ,Uninhabited Island,,,,,N,5.398028,0.289280,73.050291
LD0296,GDh,Gaafu Dhaalu,Laihaa,ލައިހާ,Uninhabited Island,,,,,N,1.683465,0.251622,73.341306
LD0381,GDh,Gaafu Dhaalu,Lonudhoo,ލޮނުދޫ,Uninhabited Island,,,,,N,5.969901,0.308791,73.413505
LD0751,GDh,Gaafu Dhaalu,Lonudhoohuttaa,ލޮނުދޫހުއްޓާ,Tourism Island,,,,Proposed / Pipeline,N,7.701849,0.301917,73.416728
LD0775,GDh,Gaafu Dhaalu,Maaehivakaa,މާއެހިވަކާ,Uninhabited Island,,,,,N,8.124939,0.283340,73.060059
LD0762,GDh,Gaafu Dhaalu,Maagalaa,މާގަލާ,Uninhabited Island,,,,,N,2.030327,0.369766,73.379400
LD0367,GDh,Gaafu Dhaalu,Maagon'derehaa,މާގޮނޑެރެހާ,Uninhabited Island,,,,,N,7.274784,0.506359,72.990726
LD0615,GDh,Gaafu Dhaalu,Maahutigalaa,މާހުޓިގަލާ,Uninhabited Island,,,,,N,0.27519,0.294111,73.191807
LD1691,GDh,Gaafu Dhaalu,Maakirigalla,މާކިރިގައްލާ,Uninhabited Island,,,,,N,0.06014,0.524039,73.039748
LD0578,GDh,Gaafu Dhaalu,Maallaarehaa,މާއްލާރެހާ,Industrial Island,,,,,N,1.272601,0.492791,72.988038
LD0336,GDh,Gaafu Dhaalu,Maanaidhoo,މާނައިދޫ,Uninhabited Island,,,,,N,16.159927,0.242108,73.117928
LD0397,GDh,Gaafu Dhaalu,Maarehaa,މާރެހާ,Uninhabited Island,,,,,N,10.666358,0.191328,73.197345
LD0919,GDh,Gaafu Dhaalu,Maarehaa,މާރެހާ,Uninhabited Island,,,,,N,1.852086,0.290650,73.046122
LD0357,GDh,Gaafu Dhaalu,Maavaarulu,މާވާރުލު,Industrial Island,,,,,N,90.943344,0.335917,73.510482
LD1069,GDh,Gaafu Dhaalu,Maavadhhuva,މާވަޑުވާ,Industrial Island,,,,,N,7.754522,0.308948,73.472275
LD0557,GDh,Gaafu Dhaalu,Madaveli,މަޑަވެލި,Residential Island,GDh. Madaveli Council,Island Council,,,N,46.891993,0.458818,72.998927
LD0635,GDh,Gaafu Dhaalu,Maguhdhuvaa,މަގުއްދޫވާ,Tourism Island,,,Ayada Maldives,Operating,N,15.066187,0.277691,73.356736
LD1012,GDh,Gaafu Dhaalu,Mathaidhuvaa,މަތައިދޫވާ,Uninhabited Island,,,,,N,3.855108,0.303947,73.026889
LD0638,GDh,Gaafu Dhaalu,Mathihutta,މަތިހުއްޓާ,Uninhabited Island,,,,,N,5.664432,0.255758,73.340850
LD0731,GDh,Gaafu Dhaalu,Mathikeranahuttaa,މަތިކެރަނަހުއްޓާ,Uninhabited Island,,,,,N,5.226718,0.400576,73.005921
LD0251,GDh,Gaafu Dhaalu,Meehinethiyenehuttaa,މީހިނެތިޔެނެހުއްޓާ,Uninhabited Island,,,,,N,6.869628,0.265610,73.089752
LD0867,GDh,Gaafu Dhaalu,Meehunthibenehuttaa,މީހުންތިބެނެހުއްޓާ,Uninhabited Island,,,,,N,4.506419,0.260911,73.096268
LD0770,GDh,Gaafu Dhaalu,Menthandhuvaa,މެންތަންދޫވާ,Uninhabited Island,,,,,N,11.382902,0.324794,73.491064
LD1008,GDh,Gaafu Dhaalu,Meragihuttaa,މެރަގިހުއްޓާ,Uninhabited Island,,,,,N,6.038213,0.269241,73.081206
LD0479,GDh,Gaafu Dhaalu,Meregihuttaa,މެރެގިހުއްޓާ,Uninhabited Island,,,,,N,17.716716,0.270209,73.075538
LD0278,GDh,Gaafu Dhaalu,Meyragillaa,މެއިރަގިއްލާ,Uninhabited Island,,,,,N,8.233058,0.245993,73.112013
LD0360,GDh,Gaafu Dhaalu,Mudhimaahutta,މުދިމާހުއްޓާ,Uninhabited Island,,,,,N,18.395474,0.254721,73.346596
,GDh,Gaafu Dhaalu,Mudhimaahutta,މުދިމާހުއްޓާ,Tourism Island,,,,Proposed / Pipeline,N,15.6,0.255000,73.346944
LD0181,GDh,Gaafu Dhaalu,Nadella,ނަޑެއްލާ,Residential Island,GDh. Nadella Council,Island Council,,,N,45.587479,0.293544,73.040797
LD1019,GDh,Gaafu Dhaalu,Odagallaa,އޮޑަގައްލާ,Tourism Island,,,,Proposed / Pipeline,N,5.983735,0.319496,73.380468
LD0552,GDh,Gaafu Dhaalu,Olhimuttaa,އޮޅިމުއްޓާ,Uninhabited Island,,,,,N,1.798292,0.340633,73.026403
LD1094,GDh,Gaafu Dhaalu,Olhurataa,އޮޅުރަޓާ,Uninhabited Island,,,,,N,1.351377,0.316111,73.024948
LD0111,GDh,Gaafu Dhaalu,Raabodaafeheerataa,ރާބޮޑާފެހީރަޓާ,Uninhabited Island,,,,,N,1.200257,0.235874,73.123791
LD1432,GDh,Gaafu Dhaalu,Raaverinkolhihuttaa,ރާވެރިންކޮޅިހުއްޓާ,Uninhabited Island,,,,,N,0.774422,0.250495,73.233859
LD0904,GDh,Gaafu Dhaalu,Rahadhuvaa,ރަހަދޫވާ,Industrial Island,,,,,N,6.299647,0.496877,72.989998
LD0630,GDh,Gaafu Dhaalu,Rathafandhoo,ރަތަފަންދޫ,Residential Island,GDh. Rathafandhoo Council,Island Council,,,N,40.968734,0.252744,73.104736
LD0705,GDh,Gaafu Dhaalu,Rodhavarrehaa,ރޮދަވައްރެހާ,Uninhabited Island,,,,,N,1.21335,0.295037,73.463080
LD0883,GDh,Gaafu Dhaalu,Thelehuttaa,ތެލެހުއްޓާ,Uninhabited Island,,,,,N,2.320004,0.288002,73.052541
LD0717,GDh,Gaafu Dhaalu,Thinadhoo,ތިނަދޫ,Residential Island,Thinadhoo City Council,City Council,,,Y,184.792144,0.532435,72.998431
LD0693,GDh,Gaafu Dhaalu,Thinahuttaa,ތިނަހުއްޓާ,Tourism Island,,,,Proposed / Pipeline,N,1.948502,0.359963,73.025948
LD0652,GDh,Gaafu Dhaalu,Thinehuttaa,ތިނެހުއްޓާ,Uninhabited Island,,,,,N,3.358155,0.370213,73.024660
LD0382,GDh,Gaafu Dhaalu,Uhehuttaa,އުހެހުއްޓާ,Uninhabited Island,,,,,N,5.328448,0.209155,73.171039
LD0505,GDh,Gaafu Dhaalu,Uherehaa,އުހެރެހާ,Uninhabited Island,,,,,N,0.923625,0.413284,73.005244
LD0942,GDh,Gaafu Dhaalu,Uhurehaa,އުހުރެހާ,Uninhabited Island,,,,,N,0.357701,0.418468,73.005210
LD1168,GDh,Gaafu Dhaalu,Ukurihuttaa,އުކުރިހުއްޓާ,Tourism Island,,,,Proposed / Pipeline,N,11.861986,0.233018,73.126291
LD0835,GDh,Gaafu Dhaalu,Ulegalaa,އުލެގަލާ,Uninhabited Island,,,,,N,3.885007,0.398615,73.370068
LD0195,GDh,Gaafu Dhaalu,Vaadhoo,ވާދޫ,Residential Island,GDh. Vaadhoo Council,Island Council,,,N,193.73424,0.227326,73.273697
LD0511,GDh,Gaafu Dhaalu,Vaireyaadhuvaa,ވައިރެޔާދޫވާ,Uninhabited Island,,,,,N,3.443213,0.288574,73.337269
LD0586,GDh,Gaafu Dhaalu,Vatavarrehaa,ވަޓަވައްރެހާ,Tourism Island,,,,Proposed / Pipeline,N,15.668226,0.256066,73.296174
LD0146,GDh,Gaafu Dhaalu,Veraaviligillaa,ވެރާވިލިގިއްލާ,Uninhabited Island,,,,,N,1.545516,0.312785,73.448811
LD0768,GDh,Gaafu Dhaalu,Vilin'gillaa,ވިލިނގިއްލާ,Uninhabited Island,,,,,N,11.227801,0.229572,73.129682
LD0063,GDh,Gaafu Dhaalu,,,Uninhabited Island,,,,,N,0.37401,0.198526,73.185894
LD0486,GDh,Gaafu Dhaalu,,,Uninhabited Island,,,,,N,1.320512,0.396702,73.005627
LD1046,GDh,Gaafu Dhaalu,,,Uninhabited Island,,,,,N,4.825249,0.194566,73.194616
LD1435,GDh,Gaafu Dhaalu,,,Uninhabited Island,,,,,N,0.109069,0.427878,73.044058
LD1436,GDh,Gaafu Dhaalu,,,Uninhabited Island,,,,,N,0.046559,0.448141,73.084074
LD1437,GDh,Gaafu Dhaalu,,,Uninhabited Island,,,,,N,0.094843,0.482510,73.097916
LD1439,GDh,Gaafu Dhaalu,,,Uninhabited Island,,,,,N,0.039352,0.502027,73.066139
LD1688,GDh,Gaafu Dhaalu,,,Uninhabited Island,,,,,N,0.210511,0.295159,73.329334
LD1689,GDh,Gaafu Dhaalu,,,Uninhabited Island,,,,,N,0.259153,0.264672,73.343126
LD1690,GDh,Gaafu Dhaalu,,,Uninhabited Island,,,,,N,0.049748,0.500190,73.095253
LD1692,GDh,Gaafu Dhaalu,,,Uninhabited Island,,,,,N,0.123696,0.304417,73.135031
LD1693,GDh,Gaafu Dhaalu,,,Uninhabited Island,,,,,N,0.095363,0.305479,73.156171
LD1694,GDh,Gaafu Dhaalu,,,Uninhabited Island,,,,,N,6.016707,0.309621,73.475822
LD1695,GDh,Gaafu Dhaalu,,,Uninhabited Island,,,,,N,0.028964,0.227870,73.133967
LD1770,GDh,Gaafu Dhaalu,,,Uninhabited Island,,,,,N,52.739463,0.192158,73.197459
LD0726,GN,Gnaviyani,Fuvahmulah,ފުވައްމުލައް,Residential Island,Fuvammulah City Council,City Council,,,Y,495.047469,-0.295089,73.425148
,S,Seenu,Aboohuraa,އަބޫހުރާ,Tourism Island,,,,Proposed / Pipeline,N,17.3,-0.641944,73.104444
LD0057,S,Seenu,Bedhey aurah,ބެދޭ އަވުރަށް,Uninhabited Island,,,,,N,0.638475,-0.589297,73.087361
LD0569,S,Seenu,Boduhajaraa,ބޮޑުހަޖަރާ,Uninhabited Island,,,,,N,1.353168,-0.677437,73.123499
LD1778,S,Seenu,Bolihera,ބޮލިހެރަ,Uninhabited Island,,,,,N,8.363419,-0.610746,73.110584
LD0378,S,Seenu,Dheeron'di,ދީރޮނޑި,Uninhabited Island,,,,,N,0.825441,-0.594853,73.087194
LD0640,S,Seenu,Dhigiheraa,ދިގިހެރާ,Uninhabited Island,,,,,N,3.003191,-0.686400,73.131254
LD1780,S,Seenu,Dhonhera,ދޮންހެރަ,Uninhabited Island,,,,,N,8.376239,-0.585778,73.196751
LD1140,S,Seenu,Fathikedeheragadu,ފަތިކެޑެހެރަގަޑު,Uninhabited Island,,,,,N,2.398911,-0.612397,73.148363
LD0947,S,Seenu,Feydhoo,ފޭދޫ,Residential Island,Addu City Council,City Council,,,N,122.343602,-0.682721,73.134873
LD0888,S,Seenu,Gan,ގަން,Industrial Island,,,,,N,333.054463,-0.694335,73.152755
,S,Seenu,Gauken'di,ގައުކެނޑި,Tourism Island,,,,Proposed / Pipeline,N,5.5,-0.649167,73.106944
LD0722,S,Seenu,Geskalhaheraa,ގަސްކަޅަހެރާ,Tourism Island,,,,Proposed / Pipeline,N,0.774554,-0.646138,73.221400
LD0817,S,Seenu,Gomahera,ގޮމަހެރާ,Tourism Island,,,,Proposed / Pipeline,N,1.833494,-0.690949,73.183305
LD0219,S,Seenu,Hankede,ހަންކެޑެ,Tourism Island,,,,Proposed / Pipeline,N,7.057356,-0.655834,73.111509
LD0990,S,Seenu,Herethere,ހެރެތެރެ,Tourism Island,,,Canareef Resort Maldives,Operating,N,57.260598,-0.624667,73.224799
LD0707,S,Seenu,Hikahera,ހިކަހެރާ,Uninhabited Island,,,,,N,1.680495,-0.580133,73.221746
LD1004,S,Seenu,Hithadhoo,ހިތަދޫ,Residential Island,Addu City Council,City Council,,,Y,551.277866,-0.612132,73.091756
LD0299,S,Seenu,Hulhudhoo,ހުޅުދޫ,Residential Island,S. Addu Hulhudhoo Council,Island Council,,,N,146.973945,-0.597396,73.227894
LD1472,S,Seenu,Ismehelaahera,އިސްމެހެލާހެރަ,Tourism Island,,,,Proposed / Pipeline,N,12.148703,-0.579292,73.215822
LD0506,S,Seenu,Kan'dihera gan'du,ކަނޑިހެރަ ގަނޑު,Uninhabited Island,,,,,N,0.258128,-0.615097,73.141990
LD0855,S,Seenu,Kaohera,ކައޮހެރާ,Uninhabited Island,,,,,N,5.841492,-0.588841,73.088186
LD0992,S,Seenu,Kedevaahera,ކެދެވާހެރާ,Tourism Island,,,South Palm Resort Maldives,Operating,N,1.013324,-0.576940,73.207547
,S,Seenu,Kodadhihera gan'du,ކޮޑަދިހެރަ ގަނޑު,Tourism Island,,,,Proposed / Pipeline,N,<3.0,-0.613056,73.147500
LD0515,S,Seenu,Kudamaahera,ކުޑަމާހެރަ,Uninhabited Island,,,,,N,0.599357,-0.597966,73.089068
LD1469,S,Seenu,Kudhehera,ކުދެހެރަ,Uninhabited Island,,,,,N,0.077607,-0.580344,73.223360
LD0702,S,Seenu,Maahera,މާހެރަ,Uninhabited Island,,,,,N,3.877402,-0.594959,73.090081
LD0288,S,Seenu,Maradhoo,މަރަދޫ,Residential Island,Addu City Council,City Council,,,N,60.138127,-0.665216,73.118934
LD0081,S,Seenu,Maradhoofeydhoo,މަރަދޫފޭދޫ,Residential Island,Addu City Council,City Council,,,N,34.273361,-0.673527,73.125795
LD0272,S,Seenu,Meedhoo,މީދޫ,Residential Island,S. Addu Meedhoo Council,Island Council,,,N,189.618982,-0.584556,73.230113
LD0384,S,Seenu,Mulikede,މުލިކެޑެ,Tourism Island,,,,Proposed / Pipeline,N,6.23206,-0.658968,73.216181
LD0899,S,Seenu,Savaaheli,ސަވާހެލި,Tourism Island,,,,Proposed / Pipeline,N,9.401453,-0.681036,73.126026
LD0035,S,Seenu,Vilin'gili,ވިލިނގިލި,Tourism Island,,,Shangri-la Villingili Maldives,Operating,N,53.054801,-0.679637,73.192622
LD0526,S,Seenu,,,Uninhabited Island,,,,,N,0.013884,-0.576541,73.209056
LD0895,S,Seenu,,,Uninhabited Island,,,,,N,1.799193,-0.601670,73.101416
LD1452,S,Seenu,,,Uninhabited Island,,,,,N,0.22087,-0.690626,73.182711
LD1453,S,Seenu,,,Uninhabited Island,,,,,N,0.845829,-0.581278,73.199205
LD1697,S,Seenu,,,Uninhabited Island,,,,,N,0.425639,-0.658956,73.111883
LD1698,S,Seenu,,,Uninhabited Island,,,,,N,0.071374,-0.576858,73.210041
LD1699,S,Seenu,,,Uninhabited Island,,,,,N,0.027107,-0.578889,73.220524
LD1700,S,Seenu,,,Uninhabited Island,,,,,N,0.043294,-0.578150,73.211347
LD1701,S,Seenu,,,Uninhabited Island,,,,,N,0.024266,-0.580011,73.215243
LD1779,S,Seenu,,,Uninhabited Island,,,,,N,8.362898,-0.605205,73.103761
